-- --------------------------------------------------------
-- Host:                         localhost
-- Server version:               10.4.27-MariaDB - mariadb.org binary distribution
-- Server OS:                    Win64
-- HeidiSQL Version:             12.6.0.6765
-- --------------------------------------------------------

/*!40101 SET @OLD_CHARACTER_SET_CLIENT=@@CHARACTER_SET_CLIENT */;
/*!40101 SET NAMES utf8 */;
/*!50503 SET NAMES utf8mb4 */;
/*!40103 SET @OLD_TIME_ZONE=@@TIME_ZONE */;
/*!40103 SET TIME_ZONE='+00:00' */;
/*!40014 SET @OLD_FOREIGN_KEY_CHECKS=@@FOREIGN_KEY_CHECKS, FOREIGN_KEY_CHECKS=0 */;
/*!40101 SET @OLD_SQL_MODE=@@SQL_MODE, SQL_MODE='NO_AUTO_VALUE_ON_ZERO' */;
/*!40111 SET @OLD_SQL_NOTES=@@SQL_NOTES, SQL_NOTES=0 */;

-- Dumping data for table spbe.detail_indikators: ~0 rows (approximately)
DELETE FROM `detail_indikators`;

-- Dumping data for table spbe.indikators: ~186 rows (approximately)
DELETE FROM `indikators`;
INSERT INTO `indikators` (`id`, `no`, `name`, `id_task`, `aspek`, `note`, `created_at`, `updated_at`) VALUES
	(1, 1, 'Tingkat Kematangan Kebijakan Internal Arsitektur SPBE', '1', 1, NULL, NULL, NULL),
	(2, 2, 'Tingkat Kematangan Kebijakan Internal Peta Rencana', '1', 1, NULL, NULL, NULL),
	(3, 3, 'Tingkat Kematangan Kebijakan Internal Manajemen Data', '1', 1, NULL, NULL, NULL),
	(4, 4, 'Tingkat Kematangan Kebijakan Internal Pembangunan Aplikasi SPBE', '1', 1, NULL, NULL, NULL),
	(5, 5, 'Tingkat Kematangan Kebijakan Internal Layanan Pusat Data', '1', 1, NULL, NULL, NULL),
	(6, 0, 'Tingkat Kematangan Kebijakan Internal Layanan', '1', 1, NULL, NULL, NULL),
	(7, 0, 'Tingkat Kematangan Kebijakan Internal Penggunaan Sistem', '1', 1, NULL, NULL, NULL),
	(8, 0, 'Tingkat Kematangan Kebijakan Internal Manajemen Keamanan Informasi', '1', 1, NULL, NULL, NULL),
	(9, 0, 'Tingkat Kematangan Kebijakan Internal Audit TIK', '1', 1, NULL, NULL, NULL),
	(10, 0, 'Tingkat Kematangan Kebijakan Internal Tim Koordinasi', '1', 1, NULL, NULL, NULL),
	(11, 0, 'Tingkat Kematangan Arsitektur SPBE Instansi Pusat/Pemerintah Daerah', '1', 2, NULL, NULL, NULL),
	(12, 0, 'Tingkat Kematangan Peta Rencana SPBE Instansi Pusat/Pemerintah Daerah', '1', 2, NULL, NULL, NULL),
	(13, 0, 'Tingkat Kematangan Keterpaduan Rencana dan Anggaran SPBE', '1', 2, NULL, NULL, NULL),
	(14, 0, 'Tingkat Kematangan Inovasi Proses Bisnis SPBE', '1', 2, NULL, NULL, NULL),
	(15, 0, 'Tingkat Kematangan Pembangunan Aplikasi SPBE', '1', 2, NULL, NULL, NULL),
	(16, 0, 'Tingkat Kematangan Layanan Pusat Data', '1', 2, NULL, NULL, NULL),
	(17, 0, 'Tingkat Kematangan Layanan Jaringan Intra Instansi Pusat/Pemerintah Daerah', '1', NULL, NULL, NULL, NULL),
	(18, 0, 'Tingkat Kematangan Penggunaan Sistem Penghubung Layanan Instansi Pusat/Pemerintah Daerah', '1', NULL, NULL, NULL, NULL),
	(19, 0, 'Tingkat Kematangan Pelaksanaan Tim Koordinasi SPBE Instansi Pusat/Pemerintah Daerah', '1', NULL, NULL, NULL, NULL),
	(20, 0, 'Tingkat Kematangan Kolaborasi Penerapan SPBE', '1', NULL, NULL, NULL, NULL),
	(21, 0, 'Tingkat Kematangan Penerapan Manajemen Risiko SPBE', '1', NULL, NULL, NULL, NULL),
	(22, 0, 'Tingkat Kematangan Penerapan Manajemen Keamanan Informasi', '1', NULL, NULL, NULL, NULL),
	(23, 0, 'Tingkat Kematangan Penerapan Manajemen Data', '1', NULL, NULL, NULL, NULL),
	(24, 0, 'Tingkat Kematangan Penerapan Manajemen Aset TIK', '1', NULL, NULL, NULL, NULL),
	(25, 0, 'Tingkat Kematangan Penerapan Kompetensi Sumber Daya', '1', NULL, NULL, NULL, NULL),
	(26, 0, 'Tingkat Kematangan Penerapan Manajemen Pengetahuan', '1', NULL, NULL, NULL, NULL),
	(27, 0, 'Tingkat Kematangan Penerapan Manajemen Perubahan', '1', NULL, NULL, NULL, NULL),
	(28, 0, 'Tingkat Kematangan Penerapan Manajemen Layanan SPBE', '1', NULL, NULL, NULL, NULL),
	(29, 0, 'Tingkat Kematangan Pelaksanaan Audit Infrastruktur SPBE', '1', NULL, NULL, NULL, NULL),
	(30, 0, 'Tingkat Kematangan Pelaksanaan Audit Aplikasi SPBE', '1', NULL, NULL, NULL, NULL),
	(31, 0, 'Tingkat Kematangan Pelaksanaan Audit Keamanan SPBE', '1', NULL, NULL, NULL, NULL),
	(32, 0, 'Tingkat Kematangan Layanan Perencanaan', '1', NULL, NULL, NULL, NULL),
	(33, 0, 'Tingkat Kematangan Layanan Penganggaran', '1', NULL, NULL, NULL, NULL),
	(34, 0, 'Tingkat Kematangan Layanan Keuangan', '1', NULL, NULL, NULL, NULL),
	(35, 0, 'Tingkat Kematangan Layanan Pengadaan Barang dan Jasa', '1', NULL, NULL, NULL, NULL),
	(36, 0, 'Tingkat Kematangan Layanan Kepegawaian', '1', NULL, NULL, NULL, NULL),
	(37, 0, 'Tingkat Kematangan Layanan Kearsipan Dinamis', '1', NULL, NULL, NULL, NULL),
	(38, 0, 'Tingkat Kematangan Layanan Pengelolaan Barang Milik', '1', NULL, NULL, NULL, NULL),
	(39, 0, 'Tingkat Kematangan Layanan Pengawasan Internal', '1', NULL, NULL, NULL, NULL),
	(40, 0, 'Tingkat Kematangan Layanan Akuntabilitas Kinerja Organisasi', '1', NULL, NULL, NULL, NULL),
	(41, 0, 'Tingkat Kematangan Layanan Kinerja Pegawai', '1', NULL, NULL, NULL, NULL),
	(42, 0, 'Tingkat Kematangan Layanan Pengaduan Pelayanan Publik', '1', NULL, NULL, NULL, NULL),
	(43, 0, 'Tingkat Kematangan Layanan Data Terbuka', '1', NULL, NULL, NULL, NULL),
	(44, 0, 'Tingkat Kematangan Jaringan Dokumentasi dan Informasi', '1', NULL, NULL, NULL, NULL),
	(45, 0, 'Tingkat Kematangan Layanan Publik Sektor 1', '1', NULL, NULL, NULL, NULL),
	(46, 0, 'Tingkat Kematangan Layanan Publik Sektor 2', '1', NULL, NULL, NULL, NULL),
	(47, 0, 'Tingkat Kematangan Layanan Publik Sektor 3', '1', NULL, NULL, NULL, NULL),
	(50, 0, 'Tingkat Kematangan Kebijakan Internal Arsitektur SPBE', '2', NULL, NULL, NULL, NULL),
	(51, 0, 'Tingkat Kematangan Kebijakan Internal Peta Rencana', '2', NULL, NULL, NULL, NULL),
	(52, 0, 'Tingkat Kematangan Kebijakan Internal Manajemen Data', '2', NULL, NULL, NULL, NULL),
	(53, 0, 'Tingkat Kematangan Kebijakan Internal Pembangunan Aplikasi SPBE', '2', NULL, NULL, NULL, NULL),
	(54, 0, 'Tingkat Kematangan Kebijakan Internal Layanan Pusat Data', '2', NULL, NULL, NULL, NULL),
	(55, 0, 'Tingkat Kematangan Kebijakan Internal Layanan', '2', NULL, NULL, NULL, NULL),
	(56, 0, 'Tingkat Kematangan Kebijakan Internal Penggunaan Sistem', '2', NULL, NULL, NULL, NULL),
	(57, 0, 'Tingkat Kematangan Kebijakan Internal Manajemen Keamanan Informasi', '2', NULL, NULL, NULL, NULL),
	(58, 0, 'Tingkat Kematangan Kebijakan Internal Audit TIK', '2', NULL, NULL, NULL, NULL),
	(59, 0, 'Tingkat Kematangan Kebijakan Internal Tim Koordinasi', '2', NULL, NULL, NULL, NULL),
	(60, 0, 'Tingkat Kematangan Arsitektur SPBE Instansi Pusat/Pemerintah Daerah', '2', NULL, NULL, NULL, NULL),
	(61, 0, 'Tingkat Kematangan Peta Rencana SPBE Instansi Pusat/Pemerintah Daerah', '2', NULL, NULL, NULL, NULL),
	(62, 0, 'Tingkat Kematangan Keterpaduan Rencana dan Anggaran SPBE', '2', NULL, NULL, NULL, NULL),
	(63, 0, 'Tingkat Kematangan Inovasi Proses Bisnis SPBE', '2', NULL, NULL, NULL, NULL),
	(64, 0, 'Tingkat Kematangan Pembangunan Aplikasi SPBE', '2', NULL, NULL, NULL, NULL),
	(65, 0, 'Tingkat Kematangan Layanan Pusat Data', '2', NULL, NULL, NULL, NULL),
	(66, 0, 'Tingkat Kematangan Layanan Jaringan Intra Instansi Pusat/Pemerintah Daerah', '2', NULL, NULL, NULL, NULL),
	(67, 0, 'Tingkat Kematangan Penggunaan Sistem Penghubung Layanan Instansi Pusat/Pemerintah Daerah', '2', NULL, NULL, NULL, NULL),
	(68, 0, 'Tingkat Kematangan Pelaksanaan Tim Koordinasi SPBE Instansi Pusat/Pemerintah Daerah', '2', NULL, NULL, NULL, NULL),
	(69, 0, 'Tingkat Kematangan Kolaborasi Penerapan SPBE', '2', NULL, NULL, NULL, NULL),
	(70, 0, 'Tingkat Kematangan Penerapan Manajemen Risiko SPBE', '2', NULL, NULL, NULL, NULL),
	(71, 0, 'Tingkat Kematangan Penerapan Manajemen Keamanan Informasi', '2', NULL, NULL, NULL, NULL),
	(72, 0, 'Tingkat Kematangan Penerapan Manajemen Data', '2', NULL, NULL, NULL, NULL),
	(73, 0, 'Tingkat Kematangan Penerapan Manajemen Aset TIK', '2', NULL, NULL, NULL, NULL),
	(74, 0, 'Tingkat Kematangan Penerapan Kompetensi Sumber Daya', '2', NULL, NULL, NULL, NULL),
	(75, 0, 'Tingkat Kematangan Penerapan Manajemen Pengetahuan', '2', NULL, NULL, NULL, NULL),
	(76, 0, 'Tingkat Kematangan Penerapan Manajemen Perubahan', '2', NULL, NULL, NULL, NULL),
	(77, 0, 'Tingkat Kematangan Penerapan Manajemen Layanan SPBE', '2', NULL, NULL, NULL, NULL),
	(78, 0, 'Tingkat Kematangan Pelaksanaan Audit Infrastruktur SPBE', '2', NULL, NULL, NULL, NULL),
	(79, 0, 'Tingkat Kematangan Pelaksanaan Audit Aplikasi SPBE', '2', NULL, NULL, NULL, NULL),
	(80, 0, 'Tingkat Kematangan Pelaksanaan Audit Keamanan SPBE', '2', NULL, NULL, NULL, NULL),
	(81, 0, 'Tingkat Kematangan Layanan Perencanaan', '2', NULL, NULL, NULL, NULL),
	(82, 0, 'Tingkat Kematangan Layanan Penganggaran', '2', NULL, NULL, NULL, NULL),
	(83, 0, 'Tingkat Kematangan Layanan Keuangan', '2', NULL, NULL, NULL, NULL),
	(84, 0, 'Tingkat Kematangan Layanan Pengadaan Barang dan Jasa', '2', NULL, NULL, NULL, NULL),
	(85, 0, 'Tingkat Kematangan Layanan Kepegawaian', '2', NULL, NULL, NULL, NULL),
	(86, 0, 'Tingkat Kematangan Layanan Kearsipan Dinamis', '2', NULL, NULL, NULL, NULL),
	(87, 0, 'Tingkat Kematangan Layanan Pengelolaan Barang Milik', '2', NULL, NULL, NULL, NULL),
	(88, 0, 'Tingkat Kematangan Layanan Pengawasan Internal', '2', NULL, NULL, NULL, NULL),
	(89, 0, 'Tingkat Kematangan Layanan Akuntabilitas Kinerja Organisasi', '2', NULL, NULL, NULL, NULL),
	(90, 0, 'Tingkat Kematangan Layanan Kinerja Pegawai', '2', NULL, NULL, NULL, NULL),
	(91, 0, 'Tingkat Kematangan Layanan Pengaduan Pelayanan Publik', '2', NULL, NULL, NULL, NULL),
	(92, 0, 'Tingkat Kematangan Layanan Data Terbuka', '2', NULL, NULL, NULL, NULL),
	(93, 0, 'Tingkat Kematangan Jaringan Dokumentasi dan Informasi', '2', NULL, NULL, NULL, NULL),
	(94, 0, 'Tingkat Kematangan Layanan Publik Sektor 1', '2', NULL, NULL, NULL, NULL),
	(95, 0, 'Tingkat Kematangan Layanan Publik Sektor 2', '2', NULL, NULL, NULL, NULL),
	(96, 0, 'Tingkat Kematangan Layanan Publik Sektor 3', '2', NULL, NULL, NULL, NULL),
	(97, 0, 'Tingkat Kematangan Kebijakan Internal Arsitektur SPBE', '3', NULL, NULL, NULL, NULL),
	(98, 0, 'Tingkat Kematangan Kebijakan Internal Peta Rencana', '3', NULL, NULL, NULL, NULL),
	(99, 0, 'Tingkat Kematangan Kebijakan Internal Manajemen Data', '3', NULL, NULL, NULL, NULL),
	(100, 0, 'Tingkat Kematangan Kebijakan Internal Pembangunan Aplikasi SPBE', '3', NULL, NULL, NULL, NULL),
	(101, 0, 'Tingkat Kematangan Kebijakan Internal Layanan Pusat Data', '3', NULL, NULL, NULL, NULL),
	(102, 0, 'Tingkat Kematangan Kebijakan Internal Layanan', '3', NULL, NULL, NULL, NULL),
	(103, 0, 'Tingkat Kematangan Kebijakan Internal Penggunaan Sistem', '3', NULL, NULL, NULL, NULL),
	(104, 0, 'Tingkat Kematangan Kebijakan Internal Manajemen Keamanan Informasi', '3', NULL, NULL, NULL, NULL),
	(105, 0, 'Tingkat Kematangan Kebijakan Internal Audit TIK', '3', NULL, NULL, NULL, NULL),
	(106, 0, 'Tingkat Kematangan Kebijakan Internal Tim Koordinasi', '3', NULL, NULL, NULL, NULL),
	(107, 0, 'Tingkat Kematangan Arsitektur SPBE Instansi Pusat/Pemerintah Daerah', '3', NULL, NULL, NULL, NULL),
	(108, 0, 'Tingkat Kematangan Peta Rencana SPBE Instansi Pusat/Pemerintah Daerah', '3', NULL, NULL, NULL, NULL),
	(109, 0, 'Tingkat Kematangan Keterpaduan Rencana dan Anggaran SPBE', '3', NULL, NULL, NULL, NULL),
	(110, 0, 'Tingkat Kematangan Inovasi Proses Bisnis SPBE', '3', NULL, NULL, NULL, NULL),
	(111, 0, 'Tingkat Kematangan Pembangunan Aplikasi SPBE', '3', NULL, NULL, NULL, NULL),
	(112, 0, 'Tingkat Kematangan Layanan Pusat Data', '3', NULL, NULL, NULL, NULL),
	(113, 0, 'Tingkat Kematangan Layanan Jaringan Intra Instansi Pusat/Pemerintah Daerah', '3', NULL, NULL, NULL, NULL),
	(114, 0, 'Tingkat Kematangan Penggunaan Sistem Penghubung Layanan Instansi Pusat/Pemerintah Daerah', '3', NULL, NULL, NULL, NULL),
	(115, 0, 'Tingkat Kematangan Pelaksanaan Tim Koordinasi SPBE Instansi Pusat/Pemerintah Daerah', '3', NULL, NULL, NULL, NULL),
	(116, 0, 'Tingkat Kematangan Kolaborasi Penerapan SPBE', '3', NULL, NULL, NULL, NULL),
	(117, 0, 'Tingkat Kematangan Penerapan Manajemen Risiko SPBE', '3', NULL, NULL, NULL, NULL),
	(118, 0, 'Tingkat Kematangan Penerapan Manajemen Keamanan Informasi', '3', NULL, NULL, NULL, NULL),
	(119, 0, 'Tingkat Kematangan Penerapan Manajemen Data', '3', NULL, NULL, NULL, NULL),
	(120, 0, 'Tingkat Kematangan Penerapan Manajemen Aset TIK', '3', NULL, NULL, NULL, NULL),
	(121, 0, 'Tingkat Kematangan Penerapan Kompetensi Sumber Daya', '3', NULL, NULL, NULL, NULL),
	(122, 0, 'Tingkat Kematangan Penerapan Manajemen Pengetahuan', '3', NULL, NULL, NULL, NULL),
	(123, 0, 'Tingkat Kematangan Penerapan Manajemen Perubahan', '3', NULL, NULL, NULL, NULL),
	(124, 0, 'Tingkat Kematangan Penerapan Manajemen Layanan SPBE', '3', NULL, NULL, NULL, NULL),
	(125, 0, 'Tingkat Kematangan Pelaksanaan Audit Infrastruktur SPBE', '3', NULL, NULL, NULL, NULL),
	(126, 0, 'Tingkat Kematangan Pelaksanaan Audit Aplikasi SPBE', '3', NULL, NULL, NULL, NULL),
	(127, 0, 'Tingkat Kematangan Pelaksanaan Audit Keamanan SPBE', '3', NULL, NULL, NULL, NULL),
	(128, 0, 'Tingkat Kematangan Layanan Perencanaan', '3', NULL, NULL, NULL, NULL),
	(129, 0, 'Tingkat Kematangan Layanan Penganggaran', '3', NULL, NULL, NULL, NULL),
	(130, 0, 'Tingkat Kematangan Layanan Keuangan', '3', NULL, NULL, NULL, NULL),
	(131, 0, 'Tingkat Kematangan Layanan Pengadaan Barang dan Jasa', '3', NULL, NULL, NULL, NULL),
	(132, 0, 'Tingkat Kematangan Layanan Kepegawaian', '3', NULL, NULL, NULL, NULL),
	(133, 0, 'Tingkat Kematangan Layanan Kearsipan Dinamis', '3', NULL, NULL, NULL, NULL),
	(134, 0, 'Tingkat Kematangan Layanan Pengelolaan Barang Milik', '3', NULL, NULL, NULL, NULL),
	(135, 0, 'Tingkat Kematangan Layanan Pengawasan Internal', '3', NULL, NULL, NULL, NULL),
	(136, 0, 'Tingkat Kematangan Layanan Akuntabilitas Kinerja Organisasi', '3', NULL, NULL, NULL, NULL),
	(137, 0, 'Tingkat Kematangan Layanan Kinerja Pegawai', '3', NULL, NULL, NULL, NULL),
	(138, 0, 'Tingkat Kematangan Layanan Pengaduan Pelayanan Publik', '3', NULL, NULL, NULL, NULL),
	(139, 0, 'Tingkat Kematangan Layanan Data Terbuka', '3', NULL, NULL, NULL, NULL),
	(140, 0, 'Tingkat Kematangan Jaringan Dokumentasi dan Informasi', '3', NULL, NULL, NULL, NULL),
	(141, 0, 'Tingkat Kematangan Layanan Publik Sektor 1', '3', NULL, NULL, NULL, NULL),
	(142, 0, 'Tingkat Kematangan Layanan Publik Sektor 2', '3', NULL, NULL, NULL, NULL),
	(143, 0, 'Tingkat Kematangan Layanan Publik Sektor 3', '3', NULL, NULL, NULL, NULL),
	(144, 0, 'Tingkat Kematangan Kebijakan Internal Arsitektur SPBE', '4', NULL, NULL, NULL, NULL),
	(145, 0, 'Tingkat Kematangan Kebijakan Internal Peta Rencana', '4', NULL, NULL, NULL, NULL),
	(146, 0, 'Tingkat Kematangan Kebijakan Internal Manajemen Data', '4', NULL, NULL, NULL, NULL),
	(147, 0, 'Tingkat Kematangan Kebijakan Internal Pembangunan Aplikasi SPBE', '4', NULL, NULL, NULL, NULL),
	(148, 0, 'Tingkat Kematangan Kebijakan Internal Layanan Pusat Data', '4', NULL, NULL, NULL, NULL),
	(149, 0, 'Tingkat Kematangan Kebijakan Internal Layanan', '4', NULL, NULL, NULL, NULL),
	(150, 0, 'Tingkat Kematangan Kebijakan Internal Penggunaan Sistem', '4', NULL, NULL, NULL, NULL),
	(151, 0, 'Tingkat Kematangan Kebijakan Internal Manajemen Keamanan Informasi', '4', NULL, NULL, NULL, NULL),
	(152, 0, 'Tingkat Kematangan Kebijakan Internal Audit TIK', '4', NULL, NULL, NULL, NULL),
	(153, 0, 'Tingkat Kematangan Kebijakan Internal Tim Koordinasi', '4', NULL, NULL, NULL, NULL),
	(154, 0, 'Tingkat Kematangan Arsitektur SPBE Instansi Pusat/Pemerintah Daerah', '4', NULL, NULL, NULL, NULL),
	(155, 0, 'Tingkat Kematangan Peta Rencana SPBE Instansi Pusat/Pemerintah Daerah', '4', NULL, NULL, NULL, NULL),
	(156, 0, 'Tingkat Kematangan Keterpaduan Rencana dan Anggaran SPBE', '4', NULL, NULL, NULL, NULL),
	(157, 0, 'Tingkat Kematangan Inovasi Proses Bisnis SPBE', '4', NULL, NULL, NULL, NULL),
	(158, 0, 'Tingkat Kematangan Pembangunan Aplikasi SPBE', '4', NULL, NULL, NULL, NULL),
	(159, 0, 'Tingkat Kematangan Layanan Pusat Data', '4', NULL, NULL, NULL, NULL),
	(160, 0, 'Tingkat Kematangan Layanan Jaringan Intra Instansi Pusat/Pemerintah Daerah', '4', NULL, NULL, NULL, NULL),
	(161, 0, 'Tingkat Kematangan Penggunaan Sistem Penghubung Layanan Instansi Pusat/Pemerintah Daerah', '4', NULL, NULL, NULL, NULL),
	(162, 0, 'Tingkat Kematangan Pelaksanaan Tim Koordinasi SPBE Instansi Pusat/Pemerintah Daerah', '4', NULL, NULL, NULL, NULL),
	(163, 0, 'Tingkat Kematangan Kolaborasi Penerapan SPBE', '4', NULL, NULL, NULL, NULL),
	(164, 0, 'Tingkat Kematangan Penerapan Manajemen Risiko SPBE', '4', NULL, NULL, NULL, NULL),
	(165, 0, 'Tingkat Kematangan Penerapan Manajemen Keamanan Informasi', '4', NULL, NULL, NULL, NULL),
	(166, 0, 'Tingkat Kematangan Penerapan Manajemen Data', '4', NULL, NULL, NULL, NULL),
	(167, 0, 'Tingkat Kematangan Penerapan Manajemen Aset TIK', '4', NULL, NULL, NULL, NULL),
	(168, 0, 'Tingkat Kematangan Penerapan Kompetensi Sumber Daya', '4', NULL, NULL, NULL, NULL),
	(169, 0, 'Tingkat Kematangan Penerapan Manajemen Pengetahuan', '4', NULL, NULL, NULL, NULL),
	(170, 0, 'Tingkat Kematangan Penerapan Manajemen Perubahan', '4', NULL, NULL, NULL, NULL),
	(171, 0, 'Tingkat Kematangan Penerapan Manajemen Layanan SPBE', '4', NULL, NULL, NULL, NULL),
	(172, 0, 'Tingkat Kematangan Pelaksanaan Audit Infrastruktur SPBE', '4', NULL, NULL, NULL, NULL),
	(173, 0, 'Tingkat Kematangan Pelaksanaan Audit Aplikasi SPBE', '4', NULL, NULL, NULL, NULL),
	(174, 0, 'Tingkat Kematangan Pelaksanaan Audit Keamanan SPBE', '4', NULL, NULL, NULL, NULL),
	(175, 0, 'Tingkat Kematangan Layanan Perencanaan', '4', NULL, NULL, NULL, NULL),
	(176, 0, 'Tingkat Kematangan Layanan Penganggaran', '4', NULL, NULL, NULL, NULL),
	(177, 0, 'Tingkat Kematangan Layanan Keuangan', '4', NULL, NULL, NULL, NULL),
	(178, 0, 'Tingkat Kematangan Layanan Pengadaan Barang dan Jasa', '4', NULL, NULL, NULL, NULL),
	(179, 0, 'Tingkat Kematangan Layanan Kepegawaian', '4', NULL, NULL, NULL, NULL),
	(180, 0, 'Tingkat Kematangan Layanan Kearsipan Dinamis', '4', NULL, NULL, NULL, NULL),
	(181, 0, 'Tingkat Kematangan Layanan Pengelolaan Barang Milik', '4', NULL, NULL, NULL, NULL),
	(182, 0, 'Tingkat Kematangan Layanan Pengawasan Internal', '4', NULL, NULL, NULL, NULL),
	(183, 0, 'Tingkat Kematangan Layanan Akuntabilitas Kinerja Organisasi', '4', NULL, NULL, NULL, NULL),
	(184, 0, 'Tingkat Kematangan Layanan Kinerja Pegawai', '4', NULL, NULL, NULL, NULL),
	(185, 0, 'Tingkat Kematangan Layanan Pengaduan Pelayanan Publik', '4', NULL, NULL, NULL, NULL),
	(186, 0, 'Tingkat Kematangan Layanan Data Terbuka', '4', NULL, NULL, NULL, NULL),
	(187, 0, 'Tingkat Kematangan Jaringan Dokumentasi dan Informasi', '4', NULL, NULL, NULL, NULL),
	(188, 0, 'Tingkat Kematangan Layanan Publik Sektor 1', '4', NULL, NULL, NULL, NULL);

-- Dumping data for table spbe.jawabans: ~0 rows (approximately)
DELETE FROM `jawabans`;

-- Dumping data for table spbe.migrations: ~7 rows (approximately)
DELETE FROM `migrations`;
INSERT INTO `migrations` (`id`, `migration`, `batch`) VALUES
	(1, '2014_10_12_000000_create_users_table', 1),
	(2, '2019_12_14_000001_create_personal_access_tokens_table', 1),
	(3, '2024_05_14_003210_create_indikators_table', 1),
	(4, '2024_05_14_003242_create_penjelasans_table', 1),
	(5, '2024_05_14_003311_create_jawabans_table', 1),
	(6, '2024_05_16_015624_create_detail_indikators_table', 1),
	(7, '2024_05_16_015651_create_tasks_table', 1);

-- Dumping data for table spbe.penjelasans: ~233 rows (approximately)
DELETE FROM `penjelasans`;
INSERT INTO `penjelasans` (`id`, `text`, `id_indikator`, `created_at`, `updated_at`) VALUES
	(1, 'Konsep kebijakan internal terkait Arsitektur SPBE Instansi Pusat/Pemerintah Daerah belum atau telah tersedia.\r\n ', '1', NULL, NULL),
	(2, 'Kebijakan internal Arsitektur SPBE Instansi Pusat/Pemerintah Daerah telah ditetapkan. Kondisi: Kebijakan internal Arsitektur SPBE Instansi Pusat/Pemerintah Daerah tersebut belum memuat secara\r\nlengkap pengaturan mengenai referensi Arsitektur dan domain\r\nArsitektur SPBE (Proses Bisnis, Data dan Informasi,\r\nInfrastruktur SPBE, Aplikasi SPBE, Keamanan SPBE, dan\r\nLayanan SPBE).\r\n', '1', NULL, NULL),
	(3, 'Kriteria tingkat 2 telah terpenuhi dan kebijakan internal Arsitektur SPBE Instansi Pusat/Pemerintah Daerah telah memuat secara lengkap pengaturan mengenai referensi Arsitektur dan domain Arsitektur SPBE (Proses Bisnis, Data dan Informasi, Infrastruktur SPBE, Aplikasi SPBE, Keamanan SPBE, dan Layanan SPBE).\r\n', '1', NULL, NULL),
	(4, 'Kriteria tingkat 3 telah terpenuhi, kebijakan internal Arsitektur SPBE Instansi Pusat/Pemerintah Daerah telah mengatur integrasi SPBE antar Instansi Pusat, antar Pemerintah Daerah, dan/atau antar Instansi Pusat dan Pemerintah Daerah, dan kebijakan internal Arsitektur SPBE Instansi Pusat/Pemerintah Daerah telah direviu dan dievaluasi secara periodik.\r\n', '1', NULL, NULL),
	(5, 'Kriteria tingkat 4 telah terpenuhi serta hasil reviu dan evaluasi kebijakan internal Arsitektur Instansi Pusat/Pemerintah Daerah SPBE telah ditindaklanjuti dengan kebijakan baru.\r\n', '1', NULL, NULL),
	(6, 'Konsep kebijakan internal terkait Peta Rencana SPBE Instansi Pusat/Pemerintah Daerah belum atau telah tersedia.\r\n', '2', NULL, NULL),
	(7, 'Kebijakan internal Peta Rencana SPBE Instansi Pusat/Pemerintah Daerah telah ditetapkan. Kondisi: Kebijakan internal Peta Rencana SPBE Instansi Pusat/Pemerintah Daerah tersebut belum mengatur muatan Peta Rencana SPBE secara lengkap (Tata Kelola SPBE, Manajemen SPBE, Layanan SPBE, Infrastruktur SPBE, Aplikasi SPBE, Keamanan SPBE, dan Audit TIK).\r\n', '2', NULL, NULL),
	(8, 'Kriteria tingkat 2 telah terpenuhi dan kebijakan internal Peta Rencana SPBE Instansi Pusat/Pemerintah Daerah telah mengatur seluruh muatan Peta Rencana SPBE secara lengkap (Tata Kelola SPBE, Manajemen SPBE, Layanan SPBE, Infrastruktur SPBE, Aplikasi SPBE, Keamanan SPBE, dan Audit TIK).\r\n', '2', NULL, NULL),
	(9, 'Kriteria tingkat 3 telah terpenuhi, kebijakan internal Peta Rencana SPBE Instansi Pusat/Pemerintah Daerah telah mengatur keselarasan antara Peta Rencana SPBE Instansi Pusat/Pemerintah Daerah dan Peta Rencana SPBE Nasional. Selain itu, Kebijakan internal Peta Rencana SPBE Instansi Pusat/Pemerintah Daerah telah direviu dan dievaluasi secara periodik.\r\n', '2', NULL, NULL),
	(10, 'Kriteria tingkat 4 telah terpenuhi serta hasil reviu dan evaluasi kebijakan internal Peta Rencana SPBE Instansi Pusat/Pemerintah Daerah telah ditindaklanjuti dengan kebijakan baru.\r\n', '2', NULL, NULL),
	(11, 'Konsep kebijakan internal terkait Manajemen Data di Instansi Pusat/Pemerintah Daerah belum atau telah tersedia.\r\n', '3', NULL, NULL),
	(12, 'Kebijakan internal Manajemen Data di Instansi Pusat/Pemerintah Daerah telah ditetapkan.', '3', NULL, NULL),
	(13, 'Kondisi: Kebijakan internal Manajemen Data di Instansi Pusat/Pemerintah Daerah tersebut hanya mengatur sebagian dari rangkaian proses pengelolaan arsitektur data, data induk, data referensi, basis data, kualitas data dan interoperabilitas data.\r\n', '3', NULL, NULL),
	(14, 'Kriteria tingkat 2 telah terpenuhi dan kebijakan internal Manajemen Data di Instansi Pusat/Pemerintah Daerah telah mengatur seluruh rangkaian proses pengelolaan arsitektur data, data induk, data referensi, basis data, kualitas data dan interoperabilitas data.\r\n', '3', NULL, NULL),
	(15, 'Kriteria tingkat 4 telah terpenuhi serta hasil reviu dan evaluasi kebijakan internal Manajemen Data di Instansi Pusat/Pemerintah Daerah telah ditindaklanjuti dengan kebijakan baru.\r\n', '3', NULL, NULL),
	(16, 'Konsep kebijakan internal terkait siklus Pembangunan Aplikasi SPBE di Instansi Pusat/Pemerintah Daerah belum atau telah tersedia.\r\n', '4', NULL, NULL),
	(17, 'Kebijakan internal terkait siklus Pembangunan Aplikasi SPBE di Instansi Pusat/Pemerintah Daerah telah ditetapkan. Kondisi: Kebijakan internal terkait Pembangunan Aplikasi SPBE telah mengatur siklus pembangunan aplikasi.\r\n', '4', NULL, NULL),
	(18, 'Kriteria tingkat 2 telah terpenuhi dan Kebijakan internal terkait siklus Pembangunan Aplikasi SPBE telah mengatur proses konsultasi terkait siklus Pembangunan Aplikasi SPBE dengan unit kerja/perangkat daerah yang menjalankan fungsi pengelolaan TIK di Instansi Pusat/Pemerintah Daerah.\r\n', '4', NULL, NULL),
	(19, 'Kriteria tingkat 3 telah terpenuhi, kebijakan internal terkait siklus Pembangunan Aplikasi SPBE di Instansi Pusat/Pemerintah Daerah telah mengatur keterpaduan dan pengendalian Pembangunan Aplikasi SPBE oleh unit kerja/perangkat daerah yang menjalankan fungsi pengelolaan TIK di Instansi Pusat/Pemerintah Daerah. Selain itu, kebijakan internal Pembangunan Aplikasi SPBE direviu dan dievaluasi secara periodik.\r\n', '4', NULL, NULL),
	(20, 'Kriteria tingkat 4 telah terpenuhi serta hasil reviu dan evaluasi kebijakan internal Pembangunan Aplikasi SPBE di Instansi Pusat/Pemerintah Daerah SPBE telah ditindaklanjuti dengan kebijakan baru.\r\n', '4', NULL, NULL),
	(21, 'Konsep kebijakan internal terkait Layanan Pusat Data yang digunakan di Instansi Pusat/Pemerintah Daerah belum atau telah tersedia\r\n', '5', NULL, NULL),
	(22, 'Kebijakan internal terkait Layanan Pusat Data yang digunakan di Instansi Pusat/Pemerintah Daerah telah ditetapkan. Kondisi: Kebijakan internal terkait Layanan Pusat Data telah mengatur penggunaan Layanan Pusat Data untuk sebagian unit kerja/perangkat daerah di Instansi Pusat/Pemerintah Daerah.\r\n', '5', NULL, NULL),
	(23, 'Kriteria tingkat 2 telah terpenuhi dan kebijakan internal terkait Layanan Pusat Data telah mengatur penggunaan Layanan Pusat Data untuk seluruh unit kerja/perangkat daerah di Instansi Pusat/Pemerintah Daerah.\r\n', '5', NULL, NULL),
	(24, 'Kriteria tingkat 3 telah terpenuhi, kebijakan internal terkait Layanan Pusat Data yang digunakan di Instansi Pusat/Pemerintah Daerah telah mengatur interkoneksi Layanan Pusat Data dengan Pusat Data Nasional dan/atau mengatur penggunaan Layanan Pusat Data Nasional. Selain itu, kebijakan internal terkait penggunaan Layanan Pusat Data di Instansi Pusat/Pemerintah Daerah telah direviu dan dievaluasi secara periodik.\r\n', '5', NULL, NULL),
	(25, 'Kriteria tingkat 4 telah terpenuhi serta hasil reviu dan evaluasi kebijakan internal terkait Layanan Pusat Data yang digunakan di Instansi Pusat/Pemerintah Daerah SPBE telah ditindaklanjuti dengan kebijakan baru.\r\n', '5', NULL, NULL),
	(26, 'Konsep kebijakan internal terkait Layanan Jaringan Intra Instansi Pusat/Pemerintah Daerah belum atau telah tersedia.\r\n', '6', NULL, NULL),
	(27, 'Kebijakan internal terkait Layanan Jaringan Intra Instansi Pusat/Pemerintah Daerah telah ditetapkan. Kondisi: Kebijakan internal terkait Layanan Jaringan Intra Instansi Pusat/Pemerintah Daerah telah mengatur Layanan Jaringan Intra untuk sebagian unit kerja/perangkat daerah di Instansi Pusat/Pemerintah Daerah.\r\n', '6', NULL, NULL),
	(28, 'Kriteria tingkat 2 telah terpenuhi dan kebijakan internal terkait Layanan Jaringan Intra Instansi Pusat/Pemerintah Daerah telah mengatur Layanan Jaringan Intra untuk seluruhunit kerja/perangkat daerah di Instansi Pusat/Pemerintah Daerah.\r\n', '6', NULL, NULL),
	(29, 'Kriteria tingkat 3 telah terpenuhi dan kebijakan internal terkait Layanan Jaringan Intra Instansi Pusat/Pemerintah Daerah telah mengatur interkoneksi Layanan Jaringan Intra Instansi Pusat/Pemerintah Daerah dengan Jaringan Intra Pemerintah dan/atau Jaringan Intra Instansi Pusat/Pemerintah Daerah lain. Selain itu, kebijakan internal terkait Layanan Jaringan Intra Instansi Pusat/Pemerintah Daerah telah direviu dan dievaluasi secara periodik\r\n', '6', NULL, NULL),
	(30, 'Kriteria tingkat 4 telah terpenuhi serta hasil reviu dan evaluasi kebijakan internal terkait Layanan Jaringan Intra Instansi Pusat/Pemerintah Daerah telah ditindaklanjuti dengan kebijakan baru.\r\n', '6', NULL, NULL),
	(31, 'Konsep kebijakan internal terkait Penggunaan Sistem Penghubung Layanan Instansi Pusat/Pemerintah Daerah belum atau telah tersedia.\r\n', '7', NULL, NULL),
	(32, 'Kebijakan internal terkait Penggunaan Sistem Penghubung Layanan Instansi Pusat/Pemerintah Daerah telah ditetapkan. Kondisi: Kebijakan internal terkait Penggunaan Sistem Penghubung Layanan Instansi Pusat/Pemerintah Daerah telah mengatur penggunaan Sistem Penghubung Layanan Instansi Pusat/Pemerintah Daerah untuk sebagian unit kerja/perangkat daerah di Instansi Pusat/Pemerintah Daerah.\r\n', '7', NULL, NULL),
	(33, 'Kriteria tingkat 2 telah terpenuhi dan kebijakan internal terkait Penggunaan Sistem Penghubung Layanan Instansi Pusat/Pemerintah Daerah telah mengatur penggunaan Sistem Penghubung Layanan untuk seluruh unit kerja/perangkat daerah di Instansi Pusat/Pemerintah Daerah.\r\n', '7', NULL, NULL),
	(34, 'Kriteria tingkat 3 telah terpenuhi, kebijakan internal terkait Penggunaan Sistem Penghubung Layanan Instansi Pusat/Pemerintah Daerah telah mengatur keterhubungan dengan Sistem Penghubung Layanan Pemerintah. Selain itu, kebijakan internal terkait Penggunaan Sistem Penghubung Layanan Instansi Pusat/Pemerintah Daerah telah direviu dan dievaluasi secara periodik.\r\n', '7', NULL, NULL),
	(35, 'Kriteria tingkat 4 telah terpenuhi serta hasil reviu dan evaluasi kebijakan internal terkait Penggunaan Sistem Penghubung Layanan Instansi Pusat/Pemerintah Daerah telah ditindaklanjuti dengan kebijakan baru.\r\n', '7', NULL, NULL),
	(36, 'Konsep kebijakan internal terkait Manajemen Keamanan Informasi belum atau telah tersedia.\r\n', '8', NULL, NULL),
	(37, 'Kebijakan internal terkait Manajemen Keamanan Informasi telah ditetapkan. Kondisi: Kebijakan internal terkait Manajemen Keamanan Informasi belum mengatur secara lengkap mengenai cakupan Manajemen Keamanan Informasi (penetapan ruang lingkup, penetapan penanggung jawab, perencanaan, dukungan pengoperasian, evaluasi kinerja, dan perbaikan berkelanjutan terhadap Keamanan Informasi).', '8', NULL, NULL),
	(38, 'Kriteria tingkat 2 telah terpenuhi dan kebijakan internal terkait Manajemen Keamanan Informasi mengatur seluruh cakupan Manajemen Keamanan Informasi secara lengkap (penetapan ruang lingkup, penetapan penanggung jawab, perencanaan, dukungan pengoperasian, evaluasi kinerja, dan perbaikan berkelanjutan terhadap Keamanan Informasi).', '8', NULL, NULL),
	(39, 'Kriteria tingkat 3 telah terpenuhi, dan kebijakan internal terkait Manajemen Keamanan Informasi telah mengatur penerapan untuk seluruh unit kerja/perangkat daerah di Instansi Pusat/Pemerintah Daerah. Selain itu, kebijakan internal terkait Manajemen Keamanan Informasi telah direviu dan dievaluasi secara periodik.', '8', NULL, NULL),
	(40, 'Kriteria tingkat 4 telah terpenuhi serta hasil reviu dan evaluasi kebijakan internal terkait Manajemen Keamanan Informasi telah ditindaklanjuti dengan kebijakan baru.', '8', NULL, NULL),
	(41, 'Konsep kebijakan internal terkait Audit TIK belum atau telah tersedia.\r\n', '9', NULL, NULL),
	(42, 'Kebijakan internal Audit TIK telah ditetapkan. Kondisi: Kebijakan internal terkait Audit TIK hanya mengatur pelaksanaan sebagian Audit TIK (Audit Infrastruktur SPBE, Audit Aplikasi SPBE, dan Audit Keamanan SPBE).\r\n', '9', NULL, NULL),
	(43, 'Kriteria tingkat 2 telah terpenuhi dan kebijakan internal terkait Audit TIK telah mengatur pelaksanaan seluruh Audit TIK (Audit Infrastruktur SPBE Audit Aplikasi SPBE, dan Audit Keamanan SPBE).\r\n', '9', NULL, NULL),
	(44, 'Kriteria tingkat 3 telah terpenuhi dan kebijakan internal terkait Audit TIK telah direviu dan dievaluasi secara periodik.\r\n', '9', NULL, NULL),
	(45, 'Kriteria tingkat 4 telah terpenuhi serta hasil reviu dan evaluasi kebijakan internal terkait Audit TIK telah ditindaklanjuti dengan kebijakan baru.\r\n', '9', NULL, NULL),
	(46, 'Konsep kebijakan internal terkait Tim Koordinasi SPBE Instansi Pusat/Pemerintah Daerah belum atau telah tersedia.\r\n', '10', NULL, NULL),
	(47, 'Kebijakan internal Tim Koordinasi SPBE Instansi Pusat/Pemerintah Daerah telah ditetapkan. Kondisi: Kebijakan internal terkait Tim Koordinasi SPBE Instansi Pusat/Pemerintah Daerah telah mencakup pengaturan tugas-tugas Tim Koordinasi SPBE Instansi Pusat/Pemerintah Daerah yang mendukung penerapan SPBE pada sebagian unit kerja/perangkat daerah di Instansi Pusat/Pemerintah Daerah.\r\n', '10', NULL, NULL),
	(48, 'Kriteria tingkat 2 telah terpenuhi dan kebijakan internal terkait Tim Koordinasi SPBE Instansi Pusat/Pemerintah Daerah telah mencakup pengaturan tugas-tugas Tim Koordinasi SPBE Instansi Pusat/Pemerintah Daerah yang mendukung penerapan SPBE pada seluruh unit kerja/perangkat daerah di Instansi Pusat/Pemerintah Daerah.\r\n', '10', NULL, NULL),
	(49, 'Kriteria tingkat 3 telah terpenuhi, kebijakan internal terkait Tim Koordinasi SPBE Instansi Pusat/Pemerintah Daerah yang mendukung penerapan SPBE antar Instansi Pusat, antar Pemerintah Daerah, dan/atau antar Instansi Pusat dan Pemerintah Daerah, dan kebijakan internal terkait Tim Koordinasi SPBE Instansi Pusat/Pemerintah Daerah telah direviu dan dievaluasi secara periodik.\r\n', '10', NULL, NULL),
	(50, 'Kriteria tingkat 4 telah terpenuhi serta hasil reviu dan evaluasi kebijakan internal terkait Tim Koordinasi SPBE Instansi Pusat/Pemerintah Daerah telah ditindaklanjuti dengan kebijakan baru.\r\n', '10', NULL, NULL),
	(51, 'Konsep dokumen Arsitektur SPBE belum atau telah tersedia.', '11', NULL, NULL),
	(52, 'Dokumen Arsitektur SPBE telah tersedia. Kondisi: Dokumen Arsitektur SPBE tidak/belum mencakup referensi dan domain Arsitektur SPBE Instansi Pusat/Pemerintah Daerah secara lengkap yaitu referensi dan domain arsitektur Proses Bisnis, Data dan Informasi, Infrastruktur SPBE, Aplikasi SPBE, Keamanan SPBE, dan Layanan SPBE.\r\n', '11', NULL, NULL),
	(53, 'Kriteria tingkat 2 telah terpenuhi dan dokumen Arsitektur SPBE telah mencakup seluruh referensi dan domain Arsitektur SPBE Instansi Pusat/Pemerintah Daerah yaitu referensi dan domain arsitektur Proses Bisnis, Data dan Informasi, Infrastruktur SPBE, Aplikasi SPBE, Keamanan SPBE, dan Layanan SPBE.\r\n', '11', NULL, NULL),
	(54, 'Kriteria tingkat 3 telah terpenuhi dan dokumen Arsitektur SPBE Instansi Pusat/Pemerintah Daerah telah berpedoman pada Arsitektur SPBE Nasional. Selain itu, dokumen Arsitektur SPBE Instansi Pusat/Pemerintah Daerah telah dilakukan reviu dan evaluasi secara periodik.\r\n', '11', NULL, NULL),
	(55, 'Kriteria tingkat 4 telah terpenuhi dan dokumen Arsitektur SPBE Instansi Pusat/Pemerintah Daerah telah dilakukan pemutakhiran sebagai tindak lanjut hasil reviu dan evaluasi.\r\n', '11', NULL, NULL),
	(56, 'Konsep dokumen Peta Rencana SPBE Instansi Pusat/Pemerintah Daerah belum atau telah tersedia.\r\n', '12', NULL, NULL),
	(57, 'Dokumen Peta Rencana SPBE telah tersedia. Kondisi: dokumen Peta Rencana SPBE tidak/belum mencakup muatan Peta Rencana SPBE Instansi Pusat/Pemerintah Daerah secara lengkap yaitu peta rencana Tata Kelola SPBE, Manajemen SPBE, Layanan SPBE, Infrastruktur SPBE, Aplikasi SPBE, Keamanan SPBE, Audit Teknologi SPBE dan Audit TIK.\r\n', '12', NULL, NULL),
	(58, 'Kriteria tingkat 2 telah terpenuhi dan dokumen Peta Rencana SPBE telah mencakup seluruh muatan Peta Rencana SPBE Instansi Pusat/Pemerintah Daerah secara lengkap yaitu peta rencana Tata Kelola SPBE, Manajemen SPBE, Layanan SPBE, Infrastruktur SPBE, Aplikasi SPBE, Keamanan SPBE, Audit Teknologi SPBE dan Audit TIK.\r\n', '12', NULL, NULL),
	(59, 'Kriteria tingkat 3 telah terpenuhi dan dokumen Peta Rencana SPBE Instansi Pusat/Pemerintah Daerah telah diterapkan secara konsisten melalui rencana kerja dan anggaran 3 (tiga) tahun terakhir. Selain itu, dokumen Peta Rencana SPBE Instansi Pusat/Pemerintah Daerah telah dilakukan reviu dan evaluasi secara periodik.\r\n', '12', NULL, NULL),
	(60, 'Kriteria tingkat 4 telah terpenuhi dan dokumen Peta Rencana SPBE Instansi Pusat/Pemerintah Daerah telah dilakukan pemutakhiran sebagai tindak lanjut hasil reviu dan evaluasi.\r\n', '12', NULL, NULL),
	(61, 'Rencana dan Anggaran SPBE belum atau telah tertuang dalam rencana kerja dan anggaran tahunan.', '13', NULL, NULL),
	(62, 'Kriteria tingkat 1 telah terpenuhi dan Rencana dan Anggaran SPBE pada unit kerja/perangkat daerah tidak seluruhnya dikonsultasikan kepada unit pengelola TIK di Instansi Pusat/Pemerintah Daerah.\r\n', '13', NULL, NULL),
	(63, 'Kriteria tingkat 2 telah terpenuhi dan seluruh Rencana dan Anggaran SPBE unit kerja/perangkat daerah telah dikonsultasikan kepada unit pengelola TIK di Instansi Pusat/Pemerintah Daerah.', '13', NULL, NULL),
	(64, 'Kriteria tingkat 3 telah terpenuhi. Seluruh Rencana dan Anggaran SPBE Instansi Pusat/Pemerintah Daerah telah terpadu dan dapat dikendalikan oleh unit kerja/lembaga daerah yang menjalankan fungsi perencanaan dan penganggaran. Selain itu, Rencana dan Anggaran SPBE telah direviu dan dievaluasi secara periodik.', '13', NULL, NULL),
	(65, 'Kriteria tingkat 4 telah terpenuhi serta Rencana dan Anggaran SPBE telah dilakukan perbaikan untuk tahun anggaran berikutnya sebagai tindak lanjut hasil reviu dan evaluasi.', '13', NULL, NULL),
	(66, 'Dokumen Proses Bisnis Instansi Pusat/Pemerintah belum atau telah tersedia. Kondisi: Dokumen Proses Bisnis Instansi Pusat/Pemeritah Daerah belum memenuhi standar.', '14', NULL, NULL),
	(67, 'Kriteria tingkat 1 telah terpenuhi dan dokumen Proses Bisnis Instansi Pusat/Pemeritah Daerah telah memenuhi standar.', '14', NULL, NULL),
	(68, 'Kriteria tingkat 2 telah terpenuhi dan Proses Bisnis Instansi Pusat/Pemeritah Daerah telah dilakukan perbaikan sebagai bentuk inovasi Proses Bisnis untuk mewujudkan proses bisnis yang lebih efisien.', '14', NULL, NULL),
	(69, 'Kriteria tingkat 3 telah terpenuhi, Inovasi Proses bisnis telah diterapkan ke dalam sistem elektronik/sistem aplikasi, serta telah dilakukan reviu dan evaluasi secara periodik.', '14', NULL, NULL),
	(70, 'Kriteria tingkat 4 telah terpenuhi dan melakukan perbaikan Inovasi Proses Bisnis yang diterapkan ke dalam sistem elektronik/ sistem aplikasi sebagai tindak lanjut hasil reviu dan evaluasi.', '14', NULL, NULL),
	(71, 'Proses pembangunan Aplikasi SPBE belum atau telah dilakukan secara adhoc (sewaktu-waktu, tidak terencana). Kondisi: Proses pembangunan Aplikasi SPBE belum memenuhi siklus pembangunan aplikasi.', '15', NULL, NULL),
	(72, 'Kriteria tingkat 1 telah terpenuhi dan proses pembangunan Aplikasi SPBE telah dilakukan sesuai siklus pembangunan aplikasi.', '15', NULL, NULL),
	(73, 'Kriteria tingkat 2 telah terpenuhi dan proses pembangunan aplikasi SPBE telah dikonsultasikan kepada unit kerja/perangkat daerah yang melaksanakan fungsi pengelolaan TIK di Instansi Pusat/Pemerintah Daerah.', '15', NULL, NULL),
	(74, 'Kriteria tingkat 3 telah terpenuhi dan Pembangunan Aplikasi SPBE Instansi Pusat/Pemerintah Daerah telah terpadu dan dapat dikendalikan oleh unit kerja/lembaga daerah yang menjalankan fungsi pengelolaan TIK di Instansi Pusat/Pemerintah Daerah. selain itu, Pembangunan Aplikasi SPBE direviu dan dievaluasi secara periodik.', '15', NULL, NULL),
	(75, 'Kriteria tingkat 4 telah terpenuhi dan Aplikasi SPBE telah dikembangkan secara optimal untuk meningkatkan efektivitas dan efisiensi terhadap perubahan lingkungan, teknologi, dan kebutuhan Instansi Pusat/Pemerintah Daerah sebagai tindak lanjut hasil reviu dan evaluasi.', '15', NULL, NULL),
	(76, 'Layanan Pusat Data belum atau telah tersedia digunakan oleh Instansi Pusat/Pemerintah Daerah.', '16', NULL, NULL),
	(77, 'Kriteria tingkat 1 telah terpenuhi. Kondisi: Layanan Pusat Data tidak/belum digunakan oleh seluruh unit kerja/perangkat daerah di Instansi Pusat/Pemerintah Daerah.', '16', NULL, NULL),
	(78, 'Kriteria tingkat 2 telah terpenuhi dan Layanan Pusat Data telah digunakan oleh seluruh unit kerja/perangkat daerah di Instansi Pusat/Pemerintah Daerah. Selain itu, terdapat prosedur pengoperasian baku Layanan Pusat Data.', '16', NULL, NULL),
	(79, 'Kriteria tingkat 3 telah terpenuhi dan terdapat interkoneksi Layanan Pusat Data dengan Pusat Data Nasional/Pusat Data Instansi Pusat/Pusat Data Pemerintah Daerah lain dan/atau penggunaan Layanan Pusat Data Nasional. Selain itu, penggunaan Layanan Pusat Data di Instansi Pusat/Pemerintah Daerah telah direviu dan dievaluasi secara periodik.', '16', NULL, NULL),
	(80, 'Kriteria tingkat 4 telah terpenuhi serta hasil reviu dan evaluasi penggunaan Layanan Pusat Data di Instansi Pusat/Pemerintah Daerah telah ditindaklanjuti dengan melakukan perbaikan terhadap Layanan Pusat Data.', '16', NULL, NULL),
	(81, 'Layanan Jaringan Intra Instansi Pusat/Pemerintah Daerah belum atau telah tersedia.\r\n', '17', NULL, NULL),
	(82, 'Kriteria tingkat 1 telah terpenuhi. Kondisi: Layanan Jaringan Intra Instansi Pusat/Pemerintah Daerah tidak/belum diterapkan di seluruh unit kerja/perangkat daerah di Instansi Pusat/Pemerintah Daerah.\r\n', '17', NULL, NULL),
	(83, 'Kriteria tingkat 2 telah terpenuhi dan Layanan Jaringan IntravInstansi Pusat/Pemerintah Daerah telah diterapkan di seluruhvunit kerja/perangkat daerah di Instansi Pusat/PemerintahvDaerah.\r\n', '17', NULL, NULL),
	(84, 'Kriteria tingkat 3 telah terpenuhi dan terdapat interkoneksi Layanan Jaringan Intra Instansi Pusat/Pemerintah Daerah dengan Jaringan Intra Pemerintah dan/atau Jaringan Intra Instansi Pusat/Pemerintah Daerah lain. Selain itu, Layanan Jaringan Intra Instansi Pusat/Pemerintah Daerah telah direviu dan dievaluasi secara periodik.\r\n', '17', NULL, NULL),
	(85, 'Kriteria tingkat 4 telah terpenuhi serta hasil reviu dan evaluasi Layanan Jaringan Intra Instansi Pusat/Pemerintah Daerah telah ditindaklanjuti dengan melakukan perbaikan terhadap Layanan Jaringan Intra Instansi Pusat/Pemerintah Daerah.\r\n', '17', NULL, NULL),
	(86, 'Sistem penghubung layanan Instansi Pusat dan Pemerintah Daerah belum atau telah tersedia.\r\n', '18', NULL, NULL),
	(87, 'Kriteria tingkat 1 telah terpenuhi. Kondisi: Sistem penghubung layanan Instansi Pusat dan Pemerintah Daerah tidak/belum diterapkan di seluruh unit kerja/perangkat daerah di Instansi Pusat/Pemerintah Daerah.\r\n', '18', NULL, NULL),
	(88, 'Kriteria tingkat 2 telah terpenuhi dan sistem penghubung layanan Instansi Pusat dan Pemerintah Daerah telah diterapkan di seluruh unit kerja/perangkat daerah di Instansi Pusat/Pemerintah Daerah.\r\n', '18', NULL, NULL),
	(89, 'Kriteria tingkat 3 telah terpenuhi, sistem penghubung layanan Instansi Pusat dan Pemerintah Daerah telah terintegrasi dengan sistem penghubungan layanan pemerintah dan/atau sistem penghubung layanan Instansi Pusat/Pemerintah Daerah lain. Selain itu, sistem penghubung layanan Instansi Pusat/Pemerintah Daerah telah direviu dan dievaluasi secara periodik.\r\n', '18', NULL, NULL),
	(90, 'Kriteria tingkat 4 telah terpenuhi serta hasil reviu dan evaluasi sistem penghubung layanan Instansi Pusat dan Pemerintah Daerah telah ditindaklanjuti dengan melakukan perbaikan.\r\n', '18', NULL, NULL),
	(91, 'Tim Koordinasi SPBE Instansi Pusat/Pemerintah Daerah belum atau telah terbentuk. Kondisi: Tugas/program kerja Tim Koordinasi SPBE Instansi Pusat/Pemerintah Daerah dilaksanakan sewaktu-waktu atau tanpa perencanaan.\r\n', '19', NULL, NULL),
	(92, 'Kriteria tingkat 1 telah terpenuhi dan tugas/program kerja Tim Koordinasi SPBE Instansi Pusat/Pemerintah Daerah telah dilaksanakan sesuai perencanaan. Kondisi: tugas/program kerja Tim Koordinasi SPBE Instansi Pusat/Pemerintah Daerah tidak/belum dilaksanakan seluruhnya.\r\n', '19', NULL, NULL),
	(93, 'Kriteria tingkat 2 telah terpenuhi dan tugas/program kerja Tim Koordinasi SPBE Instansi Pusat/Pemerintah Daerah telah dilaksanakan seluruhnya. Kondisi: program kerja Tim Koordinasi SPBE Instansi Pusat/Pemerintah Daerah belum dikomunikasikan/dikoordinasikan kepada semua unit kerja/perangkat daerah terkait di Instansi Pusat/Pemerintah Daerah.\r\n', '19', NULL, NULL),
	(94, 'Kriteria tingkat 3 telah terpenuhi dan program kerja Tim Koordinasi SPBE Instansi Pusat/Pemerintah Daerah telah dikomunikasikan/dikoordinasikan kepada semua unit kerja perangkat daerah terkait di Instansi Pusat/Pemerintah Daerah. Selain itu, tugas/program kerja Tim Koordinasi SPBE Instansi Pusat/Pemerintah Daerah telah dilakukan reviu dan evaluasi.\r\n', '19', NULL, NULL),
	(95, 'Kriteria tingkat 4 telah terpenuhi dan hasil reviu dan evaluasi tugas/program kerja Tim Koordinasi SPBE Instansi Pusat/Pemerintah Daerah telah ditindaklanjuti melalui perbaikan tugas/program kerja Tim Koordinasi SPBE Instansi Pusat/Pemerintah Daerah dan pelaksanaannya.\r\n', '19', NULL, NULL),
	(96, 'Kolaborasi antar unit kerja/perangkat daerah di Instansi Pusat/Perangkat Daerah dalam penerapan SPBE belum atau telah dilaksanakan. Kondisi: Kolaborasi antar unit kerja/perangkat daerah di Instansi Pusat/Perangkat Daerah dalam penerapan SPBE dilaksanakan sewaktu-waktu atau tanpa perencanaan.\r\n', '20', NULL, NULL),
	(97, 'Kriteria tingkat 1 telah terpenuhi dan kolaborasi antar unit kerja/perangkat daerah di Instansi Pusat/Perangkat Daerah dalam penerapan SPBE telah dilaksanakan sesuai perencanaan. Kondisi: Kolaborasi antar unit kerja/perangkat daerah di Instansi Pusat/Perangkat Daerah dalam penerapan SPBE tidak dibentuk secara formal.\r\n', '20', NULL, NULL),
	(98, 'Kriteria tingkat 2 telah terpenuhi dan kolaborasi antar unit kerja/perangkat daerah di Instansi Pusat/Perangkat Daerah dalam penerapan SPBE telah dilaksanakan oleh tim yang dibentuk secara formal. Kondisi: Kolaborasi antar unit kerja/perangkat daerah dalam penerapan SPBE tidak/belum dilaksanakan pada seluruh unit kerja/perangkat daerah di Instansi Pusat/Perangkat Daerah (kolaborasi dibentuk berdasarkan adanya kegiatan bersama).\r\n', '20', NULL, NULL),
	(99, 'Kriteria tingkat 3 telah terpenuhi dan kolaborasi antar unit kerja/perangkat daerah dalam penerapan SPBE telah dilaksanakan secara terpadu pada seluruh unit kerja/perangkat daerah di Instansi Pusat/Pemerintah Daerah yang dikoordinasikan oleh menteri/kepala lembaga/kepala daerah atau sekretaris kementerian/lembaga/pemerintah daerah. Selain itu, kolaborasi dalam penerapan SPBE telah dilakukan reviu dan evaluasi.\r\n', '20', NULL, NULL),
	(100, 'Kriteria tingkat 4 telah terpenuhi dan hasil reviu dan evaluasi kolaborasi dalam penerapan SPBE telah ditindaklanjuti melalui perbaikan pelaksanaan kolaborasi dalam penerapan SPBE.\r\n', '20', NULL, NULL),
	(101, 'Kegiatan Manajemen Risiko SPBE belum atau telah diterapkan.Kondisi: Kegiatan Manajemen Risiko SPBE diterapkan tanpaprogram kegiatan yang terarah dan terencana.\r\n', '21', NULL, NULL),
	(102, 'Kriteria tingkat 1 telah terpenuhi dan kegiatan Manajemen Risiko SPBE diterapkan dengan program kegiatan yang terarah dan terencana. Kondisi: Penerapan Manajemen Risiko SPBE dilaksanakan tanpa mengacu pada pedoman manajemen risiko SPBE.\r\n', '21', NULL, NULL),
	(103, 'Kriteria tingkat 2 telah terpenuhi dan Manajemen Risiko SPBE telah dilaksanakan dengan mengacu pada pedoman manajemen risiko SPBE.\r\n', '21', NULL, NULL),
	(104, 'Kriteria tingkat 3 telah terpenuhi dan kebijakann strategis Manajemen Risiko SPBE telah ditetapkan oleh Komite Manajemen Risiko SPBE atau Tim Koordinasi SPBE Instansi Pusat/Pemerintah Daerah dan diterapkan ke seluruh unit kerja/perangkat daerah di Instansi Pusat/Pemerintah Daerah. Selain itu, penerapan Manajemen Risiko SPBE telah direviu dan dievaluasi secara periodik.\r\n', '21', NULL, NULL),
	(105, 'Kriteria tingkat 4 telah terpenuhi serta hasil reviu dan evaluasi Manajemen Risiko SPBE ditindaklanjuti melalui perbaikan penerapan Manajemen Risiko SPBE.\r\n', '21', NULL, NULL),
	(106, 'Pengendalian Keamanan Informasi belum atau telah tersedia dalam tahap pembangunan.\r\n', '22', NULL, NULL),
	(107, 'Pengendalian Keamanan Informasi telah tersedia. Kondisi: Pengendalian Keamanan Informasi telah dilaksanakan pada sebagian unit kerja/perangkat daerah di Instansi Pusat/Pemerintah Daerah.\r\n', '22', NULL, NULL),
	(108, 'Kriteria tingkat 2 telah terpenuhi dan pengendalian Keamanan Informasi telah dilaksanakan pada seluruh unit kerja/perangkat daerah di Instansi Pusat/Pemerintah Daerah dengan berdasarkan Risiko SPBE.\r\n', '22', NULL, NULL),
	(109, 'Kriteria tingkat 3 telah terpenuhi dan pengendalian Keamanan Informasi dilakukan melalui strategi Keamanan Informasi yang ditetapkan oleh Tim Koordinasi SPBE Instansi Pusat/Pemerintah Daerah. Selain itu, pengendalian Keamanan Informasi telah dilakukan reviu dan evaluasi secara periodik\r\n', '22', NULL, NULL),
	(110, 'Kriteria tingkat 4 telah terpenuhi serta hasil reviu dan evaluasi pengendalian Keamanan Informasi ditindaklanjuti melalui perbaikan penerapan proses pengendalian Keamanan Informasi\r\n', '22', NULL, NULL),
	(111, 'Kegiatan Manajemen Data belum atau telah diterapkan. Kondisi: Kegiatan Manajemen Data diterapkan tanpa program kegiatan yang terarah dan terencana.\r\n', '23', NULL, NULL),
	(112, 'Kriteria tingkat 1 telah terpenuhi dan kegiatan Manajemen Data diterapkan dengan program kegiatan yang terarah dan terencana. Kondisi: Manajemen Data dilaksanakan tanpa mengacu pada pedoman Manajemen Data\r\n', '23', NULL, NULL),
	(113, 'Kriteria tingkat 2 telah terpenuhi dan Manajemen Data telah dilaksanakan dengan mengacu pada pedoman Manajemen Data yang mencakup pengelolaan arsitektur data, data induk, data referensi, basis data, kualitas data, dan interoperabilitas data.\r\n', '23', NULL, NULL),
	(114, 'Kriteria tingkat 3 telah terpenuhi dan Manajemen Data dilaksanakan melalui strategi pengelolaan data yang ditetapkan Forum Satu Data atau Tim Koordinasi SPBE Instansi Pusat/Pemerintah Daerah dan diterapkan ke seluruh unit kerja/perangkat daerah di Instansi Pusat/Pemerintah Daerah. Selain itu, penerapan Manajemen Data telah direviu dan dievaluasi secara periodik.\r\n', '23', NULL, NULL),
	(115, 'Kriteria tingkat 4 telah terpenuhi serta hasil reviu dan evaluasi Manajemen Data ditindaklanjuti melalui perbaikan penerapan Manajemen Data.\r\n', '23', NULL, NULL),
	(116, 'Kegiatan Manajemen Aset TIK belum atau telah diterapkan. Kondisi: Kegiatan Manajemen Aset TIK diterapkan tanpa program kegiatan yang terarah dan terencana.\r\n', '24', NULL, NULL),
	(117, 'Kriteria tingkat 1 telah terpenuhi dan kegiatan Manajemen Aset TIK diterapkan dengan program kegiatan yang terarah dan terencana. Kondisi: Manajemen Aset TIK dilaksanakan tanpa mengacu pada pedoman Manajemen Aset TIK yang mencakup proses perencanaan, pengadaan, pemanfaatan/penggunaan, dan penghapusan aset TIK\r\n', '24', NULL, NULL),
	(118, 'Kriteria tingkat 2 telah terpenuhi dan Manajemen Aset TIK telah dilaksanakan dengan mengacu pada pedoman Manajemen Aset TIK yang mencakup proses perencanaan, pengadaan, pemanfaatan/penggunaan, dan penghapusan aset TIK.\r\n', '24', NULL, NULL),
	(119, 'Kriteria tingkat 3 telah terpenuhi, Manajemen Aset TIK dilaksanakan melalui strategi pengelolaan aset TIK oleh unit kerja/ perangkat daerah yang menjalankan fungsi pengelolaan TIK di Instansi Pusat/Pemerintah Daerah dan diterapkan ke seluruh unit kerja/perangkat daerah di Instansi Pusat/Pemerintah Daerah. Selain itu, penerapan Manajemen Aset TIK telah direviu dan dievaluasi secara periodik.\r\n', '24', NULL, NULL),
	(120, 'Kriteria tingkat 4 telah terpenuhi serta hasil reviu dan evaluasi Manajemen Aset TIK ditindaklanjuti melalui perbaikan penerapan Manajemen Aset TIK.\r\n', '24', NULL, NULL),
	(121, 'Pemenuhan kompetensi Sumber Daya Manusia belum atau telah diupayakan. Kondisi: Pemenuhan kompetensi Sumber Daya Manusia SPBE dilakukan tanpa perencanaan Sumber Daya Manusia.\r\n', '25', NULL, NULL),
	(122, 'Kriteria tingkat 1 telah terpenuhi dan pemenuhan kompetensi Sumber Daya Manusia SPBE dilakukan sesuai dengan perencanaan Sumber Daya Manusia. Kondisi: Kompetensi Sumber Daya Manusia SPBE tidak/belum terpenuhi seluruhnya yaitu kompetensi di bidang proses bisnis memerintahan, arsitektur SPBE, data dan informasi, keamanan SPBE, aplikasi SPBE, dan infrastruktur SPBE.\r\n', '25', NULL, NULL),
	(123, 'Kriteria tingkat 2 telah terpenuhi dan kompetensi Sumber Daya Manusia SPBE telah terpenuhi seluruhnya yaitu kompetensi di bidang proses bisnis memerintahan, arsitektur SPBE, data dan informasi, keamanan SPBE, aplikasi SPBE, dan infrastruktur SPBE.\r\n', '25', NULL, NULL),
	(124, 'Kriteria tingkat 3 telah terpenuhi, peningkatan dan penilaian kompetensi Sumber Daya Manusia SPBE telah dilakukan. Selain itu, pemenuhan kompetensi Sumber Daya Manusia SPBE telah dilakukan reviu dan evaluasi secara periodik.\r\n', '25', NULL, NULL),
	(125, 'Kriteria tingkat 4 telah terpenuhi serta hasil reviu dan evaluasi telah ditindaklanjuti melalui perbaikan perencanaan dan pemenuhan kompetensi Sumber Daya Manusia SPBE.\r\n', '25', NULL, NULL),
	(126, 'Manajemen Pengetahuan SPBE belum atau telah diterapkan. Kondisi: Manajemen Pengetahuan SPBE diterapkan tanpa perencanaan\r\n', '26', NULL, NULL),
	(127, 'Kriteria tingkat 1 telah terpenuhi dan dilaksanakan dengan perencanaan. Kondisi: Manajemen Pengetahuan SPBE telah dilaksanakan tanpa pedoman di Instansi Pusat/Pemerintah Daerah.\r\n', '26', NULL, NULL),
	(128, 'Kriteria tingkat 2 telah terpenuhi, Manajemen Pengetahuan SPBE dilaksanakan dengan mengacu pada pedoman di Instansi Pusat/Pemerintah Daerah dan Manajemen Pengetahuan SPBE diterapkan dengan menggunakan sistem aplikasi manajemen pengetahuan.\r\n', '26', NULL, NULL),
	(129, 'Kriteria tingkat 3 telah terpenuhi, semua unit kerja/perangkat daerah telah menerapkan Manajemen Pengetahuan SPBE dengan menggunakan sistem aplikasi manajemen pengetahuan yang terintegrasi serta telah dilakukan reviu dan evaluasi terhadap penerapan Manajemen Pengetahuan SPBE.\r\n', '26', NULL, NULL),
	(130, 'Kriteria tingkat 4 telah terpenuhi serta hasil reviu dan evaluasi terhadap penerapan Manajemen Pengetahuan SPBE telah ditindaklanjuti melalui perbaikan Manajemen Pengetahuan SPBE.\r\n', '26', NULL, NULL),
	(131, 'Kegiatan Manajemen Perubahan SPBE belum atau telah dilaksanakan. Kondisi: Kegiatan Manajemen Perubahan SPBE dilaksanakan tanpa perencanaan.', '27', NULL, NULL),
	(132, 'Kriteria tingkat 1 telah terpenuhi dan kegiatan Manajemen Perubahan SPBE dilaksanakan dengan perencanaan. Kondisi: Kegiatan Manajemen Perubahan SPBE tidak/belum dilaksanakan oleh seluruh unit kerja/perangkat daerah terkait di Instansi Pusat/Pemerintah Daerah dengan caranya masingmasing.', '27', NULL, NULL),
	(133, 'Kriteria tingkat 2 telah terpenuhi dan kegiatan Manajemen Perubahan SPBE dilaksanakan oleh seluruh unit kerja/perangkat daerah terkait di Instansi Pusat/Pemerintah Daerah sesuai pedoman Manajemen Perubahan.', '27', NULL, NULL),
	(134, 'Kriteria tingkat 3 telah terpenuhi dan kegiatan Manajemen Perubahan SPBE telah dilakukan reviu dan evaluasi.', '27', NULL, NULL),
	(135, 'Kriteria tingkat 4 telah terpenuhi serta hasil reviu dan evaluasi telah ditindaklanjuti melalui perbaikan Manajemen Perubahan SPBE', '27', NULL, NULL),
	(136, 'Manajemen Layanan SPBE belum atau telah dilaksanakan. Kondisi: Manajemen Layanan SPBE dilaksanakan tanpa perencanaan', '28', NULL, NULL),
	(137, 'Kriteria tingkat 1 telah terpenuhi dan Manajemen Layanan SPBE dilaksanakan dengan perencanaan. Kondisi: Manajemen Layanan SPBE tidak/belum dilaksanakan pada seluruh proses Manajemen Layanan SPBE yaitu Pelayanan Pengguna SPBE dan Pengoperasian Layanan SPBE.', '28', NULL, NULL),
	(138, 'Kriteria tingkat 2 telah terpenuhi dan Manajemen Layanan SPBE dilaksanakan pada seluruh proses Manajemen Layanan SPBE yaitu Pelayanan Pengguna SPBE dan Pengoperasian Layanan SPBE', '28', NULL, NULL),
	(139, 'Kriteria tingkat 3 telah terpenuhi, Manajemen Layanan SPBE telah diterapkan dengan menggunakan sistem aplikasi manajemen layanan, dan kegiatan Manajemen Layanan SPBE telah dilakukan reviu dan evaluasi.', '28', NULL, NULL),
	(140, 'Kriteria tingkat 4 telah terpenuhi serta hasil reviu dan evaluasi telah ditindaklanjuti melalui perbaikan Manajemen Layanan SPBE.', '28', NULL, NULL),
	(141, 'Kegiatan Audit Infrastruktur SPBE belum atau telah dilaksanakan. Kondisi: Kegiatan Audit Infrastruktur dilaksanakan tanpa perencanaan yang berkesinambungan.', '29', NULL, NULL),
	(142, 'Kriteria tingkat 1 telah terpenuhi dan kegiatan Audit Infrastruktur dilaksanakan sesuai dengan perencanaan yang berkesinambungan. Kondisi: Kegiatan Audit Infrastruktur dilaksanakan tanpa pedoman Audit Infrastruktur.', '29', NULL, NULL),
	(143, 'Kriteria tingkat 2 telah terpenuhi dan kegiatan Audit Infrastruktur dilaksanakan sesuai dengan pedoman Audit Infrastruktur. Kondisi: kegiatan Audit Infrastruktur dilaksanakan oleh auditor TIK/Sistem Informasi internal Instansi Pusat/Pemerintah Daerah.', '29', NULL, NULL),
	(144, 'Kriteria tingkat 3 telah terpenuhi dan kegiatan Audit Infrastruktur dilaksanakan oleh auditor TIK/Sistem Informasi eksternal yang memiliki sertifikasi auditor TIK/Sistem Informasi.', '29', NULL, NULL),
	(145, 'Kriteria tingkat 4 telah terpenuhi dan hasil audit Infrastruktur SPBE telah ditindaklanjuti melalui perbaikan penerapan Infrastruktur SPBE', '29', NULL, NULL),
	(146, 'Kegiatan Audit Aplikasi SPBE belum atau telah dilaksanakan. Kondisi: Kegiatan Audit Aplikasi dilaksanakan tanpa perencanaan yang berkesinambungan.', '30', NULL, NULL),
	(147, 'Kriteria tingkat 1 telah terpenuhi dan kegiatan Audit Aplikasi dilaksanakan sesuai dengan perencanaan yang berkesinambungan. Kondisi: Kegiatan Audit Aplikasi dilaksanakan tanpa pedoman Audit Aplikasi SPBE.', '30', NULL, NULL),
	(148, 'Kriteria tingkat 2 telah terpenuhi dan kegiatan Audit Aplikasi dilaksanakan sesuai dengan pedoman Audit Aplikasi SPBE. Kondisi: kegiatan Audit Aplikasi dilaksanakan oleh auditor TIK/Sistem Informasi internal Instansi Pusat/Pemerintah Daerah.', '30', NULL, NULL),
	(149, 'Kriteria tingkat 3 telah terpenuhi dan kegiatan Audit Aplikasi dilaksanakan oleh auditor TIK/Sistem Informasi eksternal yang memiliki sertifikasi auditor TIK/Sistem Informasi.', '30', NULL, NULL),
	(150, 'Kriteria tingkat 4 telah terpenuhi dan hasil audit Aplikasi SPBE telah ditindaklanjuti melalui perbaikan penerapan Aplikasi SPBE.', '30', NULL, NULL),
	(151, 'Kegiatan Audit Keamanan SPBE belum atau telah dilaksanakan. Kondisi: Kegiatan Audit Keamanan dilaksanakan tanpa perencanaan yang berkesinambungan.', '31', NULL, NULL),
	(152, 'Kriteria tingkat 1 telah terpenuhi dan kegiatan Audit Keamanan dilaksanakan sesuai dengan perencanaan yang berkesinambungan. Kondisi: Kegiatan Audit Keamanan dilaksanakan tanpa pedoman Audit Keamanan.', '31', NULL, NULL),
	(153, 'Kriteria tingkat 2 telah terpenuhi dan kegiatan Audit Keamanan dilaksanakan sesuai dengan pedoman Audit Keamanan. Kondisi: kegiatan Audit Keamanan dilaksanakan oleh auditor TIK/Sistem Keamanan Informasi internal Instansi Pusat/Pemerintah Daerah.', '31', NULL, NULL),
	(154, 'Kriteria tingkat 3 telah terpenuhi dan kegiatan Audit Keamanan dilaksanakan oleh auditor TIK/Sistem Keamanan Informasi eksternal yang memiliki sertifikasi auditor TIK/Sistem Keamanan Informasi.', '31', NULL, NULL),
	(155, 'Kriteria tingkat 4 telah terpenuhi dan hasil audit Keamanan SPBE telah ditindaklanjuti melalui perbaikan penerapan Keamanan SPBE.', '31', NULL, NULL),
	(156, 'Layanan Perencanan Berbasis Elektronik hanya memberikan layanan informasi terkait perencanaan kegiatan pemerintah', '32', NULL, NULL),
	(157, 'Kriteria tingkat 1 telah terpenuhi dan Layanan Perencanan Berbasis Elektronik memberikan layanan interaksi terkait perencanaan kegiatan pemerintah seperti pencarian informasi, pengunggahan dan pengunduhan dokumen perencanaan.', '32', NULL, NULL),
	(158, 'Kriteria tingkat 2 telah terpenuhi dan Layanan Perencanaan Berbasis Elektronik memberikan layanan transaksi kepada pengguna terkait perencanaan kegiatan pemerintah seperti otomasi alur kerja, transaksi basis data, validasi data, mekanisme persetujuan, dan analitik data.', '32', NULL, NULL),
	(159, 'Kriteria tingkat 3 telah terpenuhi dan Layanan Perencanaan Berbasis Elektronik memberikan layanan kolaborasi dengan layanan elektronik lain, misalnya layanan penganggaran berbasis elektronik, layanan keuangan berbasis elektronik, layanan pengadaan berbasis elektronik, layanan perencanaan berbasis elektronik Instansi Pusat/Pemerintah Daerah lain, dan/atau layanan SPBE Instansi Pusat/Pemerintah Daerah lain.', '32', NULL, NULL),
	(160, 'Kriteria tingkat 4 telah terpenuhi dan Layanan Perencanaan Berbasis Elektronik telah dilakukan perbaikan berdasarkan hasil reviu dan evaluasi terhadap perubahan lingkungan, peraturan perundangundangan, teknologi atau kebutuhan Instansi Pusat/Pemerintah Daerah.\r\n', '32', NULL, NULL),
	(161, 'Layanan Penganggaran Berbasis Elektronik hanya memberikan layanan informasi terkait penganggaran kegiatan pemerintah.', '33', NULL, NULL),
	(162, 'Kriteria tingkat 1 telah terpenuhi dan Layanan Penganggaran Berbasis Elektronik memberikan layanan interaksi terkait penganggaran kegiatan pemerintah seperti pencarian informasi, pengunggahan dan pengunduhan dokumen penganggaran.', '33', NULL, NULL),
	(163, 'Kriteria tingkat 2 telah terpenuhi dan Layanan Penganggaran Berbasis Elektronik memberikan layanan transaksi kepada pengguna terkait penganggaran kegiatan pemerintah seperti otomasi alur kerja, transaksi basis data, validasi data, mekanisme persetujuan, dan analitik data.', '33', NULL, NULL),
	(164, 'Kriteria tingkat 3 telah terpenuhi dan Layanan Penganggaran Berbasis Elektronik memberikan layanan kolaborasi dengan layanan elektronik lain, misalnya layanan perencanaan berbasis elektronik, layanan keuangan berbasis elektronik, layanan pengadaan berbasis elektronik, layanan penganggaran berbasis elektronik Instansi Pusat/Pemerintah Daerah lain, dan/atau layanan SPBE Instansi Pusat/Pemerintah Daerah lain.', '33', NULL, NULL),
	(165, 'Kriteria tingkat 4 telah terpenuhi dan Layanan PenganggaranmBerbasis Elektronik telah dilakukan perbaikan berdasarkan hasilmreviu dan evaluasi terhadap perubahan lingkungan, peraturanmperundang-undangan, teknologi atau kebutuhan InstansimPusat/Pemerintah Daerah.', '33', NULL, NULL),
	(166, 'Layanan Keuangan Berbasis Elektronik hanya memberikan layanan informasi terkait keuangan di Instansi Pusat/Pemerintah.', '34', NULL, NULL),
	(167, 'Kriteria tingkat 1 telah terpenuhi dan Layanan Keuangan Berbasis Elektronik memberikan layanan interaksi terkait keuangan seperti pencarian informasi, pengunggahan dan pengunduhan dokumen.', '34', NULL, NULL),
	(168, 'Kriteria tingkat 2 telah terpenuhi dan Layanan Keuangan Berbasis Elektronik memberikan layanan transaksi kepada pengguna terkait keuangan seperti otomasi alur kerja, transaksi basis data, validasi data, mekanisme persetujuan, dan analitik data.', '34', NULL, NULL),
	(169, 'Kriteria tingkat 3 telah terpenuhi dan Layanan Keuangan Berbasis Elektronik memberikan layanan kolaborasi dengan layanan elektronik lain, misalnya Layanan Penganggaran Berbasis Elektronik, Layanan Pengadaan Berbasis Elektronik, Layanan Perencanaan Berbasis Elektronik, Layanan Keuangan Berbasis Elektronik Instansi Pusat/Pemerintah Daerah lain, dan/atau layanan SPBE Instansi Pusat/Pemerintah Daerah lain', '34', NULL, NULL),
	(170, 'Kriteria tingkat 4 telah terpenuhi dan Layanan Keuangan Berbasis Elektronik telah dilakukan perbaikan berdasarkan hasil reviu dan evaluasi terhadap perubahan lingkungan, peraturan perundangundangan, teknologi atau kebutuhan Instansi Pusat/Pemerintah Daerah.', '34', NULL, NULL),
	(171, 'Layanan Pengadaan Barang dan Jasa Berbasis Elektronik hanya memberikan layanan informasi terkait pengadaan barang dan jasa di Instansi Pusat/Pemerintah.', '35', NULL, NULL),
	(172, 'Kriteria tingkat 1 telah terpenuhi dan Layanan Pengadaan Barang dan Jasa Berbasis Elektronik memberikan layanan interaksi terkait pengadaan barang dan jasa seperti pencarian informasi, pengunggahan dan pengunduhan dokumen.', '35', NULL, NULL),
	(173, 'Kriteria tingkat 2 telah terpenuhi dan Layanan Pengadaan Barang dan Jasa Berbasis Elektronik memberikan layanan transaksi kepada pengguna terkait pengadaan barang dan jasa seperti otomasi alur kerja, transaksi basis data, validasi data, mekanisme persetujuan, dan analitik data.', '35', NULL, NULL),
	(174, 'Kriteria tingkat 3 telah terpenuhi dan Layanan Pengadaan Barang dan Jasa Berbasis Elektronik memberikan layanan kolaborasi dengan layanan elektronik lain, misalnya Layanan Penganggaran Berbasis Elektronik, Layanan Perencanaan Berbasis Elektronik, Layanan Keuangan Berbasis Elektronik, Layanan Pengadaan Barang dan Jasa Berbasis Elektronik Instansi Pusat/Pemerintah Daerah lain, dan/atau layanan SPBE Instansi Pusat/Pemerintah Daerah lain.', '35', NULL, NULL),
	(175, 'Kriteria tingkat 4 telah terpenuhi dan Layanan Pengadaan Barang dan Jasa Berbasis Elektronik telah dilakukan perbaikan berdasarkan hasil reviu dan evaluasi terhadap perubahan lingkungan, peraturan perundang-undangan, teknologi atau kebutuhan Instansi Pusat/Pemerintah Daerah.', '35', NULL, NULL),
	(176, 'Layanan Kepegawaian Berbasis Elektronik hanya memberikan layanan informasi terkait kepegawaian.', '36', NULL, NULL),
	(177, 'Kriteria tingkat 1 telah terpenuhi dan Layanan Kepegawaian Berbasis Elektronik memberikan layanan interaksi terkait kepegawaian seperti pencarian informasi, pengunggahan dan pengunduhan dokumen.', '36', NULL, NULL),
	(178, 'Kriteria tingkat 2 telah terpenuhi dan Layanan Kepegawaian Berbasis Elektronik memberikan layanan transaksi kepada pengguna terkait kepegawaian seperti otomasi alur kerja, transaksi basis data, validasi data, mekanisme persetujuan, dan analitik data.', '36', NULL, NULL),
	(179, 'Kriteria tingkat 3 telah terpenuhi dan Layanan Kepegawaian Berbasis Elektronik memberikan layanan kolaborasi dengan layanan elektronik lain, misalnya Layanan Kinerja Berbasis Elektronik, Layanan Keuangan Berbasis Elektronik, Layanan Kepegawaian Berbasis Elektronik Instansi Pusat/Pemerintah Daerah lain, dan/atau layanan SPBE Instansi Pusat/Pemerintah Daerah lain.', '36', NULL, NULL),
	(180, 'Kriteria tingkat 4 telah terpenuhi dan Layanan Kepegawaian Berbasis Elektronik telah dilakukan perbaikan berdasarkan hasil reviu dan evaluasi terhadap perubahan lingkungan, peraturan perundangundangan, teknologi atau kebutuhan Instansi Pusat/Pemerintah Daerah', '36', NULL, NULL),
	(181, 'Layanan Kearsipan Dinamis Berbasis Elektronik hanya memberikan layanan informasi terkait kearsipan dinamis.\r\n', '37', NULL, NULL),
	(182, 'Kriteria tingkat 1 telah terpenuhi dan Layanan Kearsipan Dinamis Berbasis Elektronik memberikan layanan interaksi terkait kearsipan dinamis seperti pencarian informasi, pengunggahan dan pengunduhan dokumen\r\n', '37', NULL, NULL),
	(183, 'Kriteria tingkat 2 telah terpenuhi dan Layanan Kearsipan Dinamis Berbasis Elektronik memberikan layanan transaksi kepada pengguna terkait kearsipan dinamis seperti otomasi alur kerja, transaksi basis data, validasi data, mekanisme persetujuan, dan analitik data.\r\n', '37', NULL, NULL),
	(184, 'Kriteria tingkat 3 telah terpenuhi dan Layanan Kearsipan Dinamis Berbasis Elektronik memberikan layanan kolaborasi dengan layanan elektronik lain, misalnya Layanan Pengadaan Barang dan Jasa Berbasis Elektronik, Layanan Kepegawaian Berbasis Elektronik, Layanan Kearsipan Dinamis Berbasis Elektronik Instansi Pusat/Pemerintah Daerah lain, dan/atau layanan SPBE Instansi Pusat/Pemerintah Daerah lain.\r\n', '37', NULL, NULL),
	(185, 'Kriteria tingkat 4 telah terpenuhi dan Layanan Kearsipan Dinamis Berbasis Elektronik telah dilakukan perbaikan berdasarkan hasil review dan evaluasi terhadap perubahan lingkungan, peraturan perundang-undangan, teknologi atau kebutuhan Instansi Pusat/Pemerintah Daerah.\r\n', '37', NULL, NULL),
	(186, 'Layanan Pengelolaan Barang Milik Negara/Daerah Berbasis Elektronik hanya memberikan layanan informasi terkait pengelolaan barang milik negara.\r\n', '38', NULL, NULL),
	(187, 'Kriteria tingkat 1 telah terpenuhi dan Layanan Pengelolaan Barang Milik Negara/Daerah Berbasis Elektronik memberikan layanan interaksi terkait pengelolaan barang milik negara/daerah seperti pencarian informasi, pengunggahan dan pengunduhan dokumen.\r\n', '38', NULL, NULL),
	(188, 'Kriteria tingkat 2 telah terpenuhi dan Layanan Pengelolaan Barang Milik Negara/Daerah Berbasis Elektronik memberikan layanan transaksi kepada pengguna terkait pengelolaan barang milik negara/daerah seperti otomasi alur kerja, transaksi basis data, validasi data, mekanisme persetujuan, dan analitik data.\r\n', '38', NULL, NULL),
	(189, 'Kriteria tingkat 3 telah terpenuhi dan Layanan Pengelolaan Barang Milik Negara/Daerah Berbasis Elektronik memberikan layanan kolaborasi dengan layanan elektronik lain, misalnya Layanan Penganggaran Berbasis Elektronik, Layanan Pengadaan Barang dan Jasa Berbasis Elektronik, Layanan Keuangan Berbasis Elektronik, Layanan Pengelolaan Barang Milik Negara/Daerah Berbasis Elektronik Instansi Pusat/Pemerintah Daerah lain, dan/atau layanan SPBE Instansi Pusat/Pemerintah Daerah lain.\r\n', '38', NULL, NULL),
	(190, 'Kriteria tingkat 4 telah terpenuhi dan Layanan Pengelolaan Barang Milik Negara/Daerah Berbasis Elektronik telah dilakukan perbaikan berdasarkan hasil reviu dan evaluasi terhadap perubahan lingkungan, peraturan perundang-undangan, teknologi atau kebutuhan Instansi Pusat/Pemerintah Daerah.\r\n', '38', NULL, NULL),
	(191, 'Layanan Pengawasan Internal Pemerintah Berbasis Elektronik hanya memberikan layanan informasi terkait pengawasan internal pemerintah\r\n', '39', NULL, NULL),
	(192, 'Kriteria tingkat 1 telah terpenuhi dan Layanan Pengawasan Internal Pemerintah Berbasis Elektronik memberikan layanan interaksi terkait pengawasan internal pemerintah seperti pencarian informasi, pengunggahan dan pengunduhan dokumen\r\n', '39', NULL, NULL),
	(193, 'Kriteria tingkat 2 telah terpenuhi dan Layanan Pengawasan Internal Pemerintah Berbasis Elektronik memberikan layanan transaksi kepada pengguna terkait pengawasan internal pemerintah seperti otomasi alur kerja, transaksi basis data, validasi data, mekanisme persetujuan, dan analitik data.\r\n', '39', NULL, NULL),
	(194, 'Kriteria tingkat 3 telah terpenuhi dan Layanan Pengawasan Internal Pemerintah Berbasis Elektronik memberikan layanan kolaborasi dengan layanan elektronik lain, misalnya Layanan Kepegawaian Berbasis Elektronik, Layanan Akuntabilitas Kinerja Berbasis Elektronik, Layanan Pengawasan Internal Pemerintah Berbasis Elektronik Instansi Pusat/Pemerintah Daerah lain, dan/atau layanan SPBE Instansi Pusat/Pemerintah Daerah lain\r\n', '39', NULL, NULL),
	(195, 'Kriteria tingkat 4 telah terpenuhi dan Layanan Pengawasan Internal Berbasis Elektronik telah dilakukan perbaikan berdasarkan hasil review dan evaluasi terhadap perubahan lingkungan, peraturan perundang-undangan, teknologi atau kebutuhan Instansi Pusat/Pemerintah Daerah.\r\n', '39', NULL, NULL),
	(196, 'Layanan Akuntabilitas Kinerja Instansi Pusat/Pemerintah Daerah Berbasis Elektronik hanya memberikan layanan informasi terkait akuntabilitas kinerja Instansi Pusat/Pemerintah Daerah.\r\n', '40', NULL, NULL),
	(197, 'Kriteria tingkat 1 telah terpenuhi dan Layanan Akuntabilitas Kinerja Instansi Pusat/Pemerintah Daerah Berbasis Elektronik memberikan layanan interaksi terkait akuntabilitas kinerja Instansi Pusat/Pemerintah Daerah seperti pencarian informasi, pengunggahan dan pengunduhan dokumen.\r\n', '40', NULL, NULL),
	(198, 'Kriteria tingkat 2 telah terpenuhi dan Layanan Akuntabilitas Kinerja Instansi Pusat/Pemerintah Daerah Berbasis Elektronik memberikan layanan transaksi kepada pengguna terkait akuntabilitas kinerja Instansi Pusat/Pemerintah Daerah seperti otomasi alur kerja, transaksi basis data, validasi data, mekanisme persetujuan, dan analitik data.\r\n', '40', NULL, NULL),
	(199, 'Kriteria tingkat 3 telah terpenuhi dan Layanan Akuntabilitas Kinerja Instansi Pusat/Pemerintah Daerah Berbasis Elektronik memberikan layanan kolaborasi dengan layanan elektronik lain, misalnya Layanan Penganggaran Berbasis Elektronik, Layanan Pengadaan Berbasis Elektronik, Layanan Perencanaan Berbasis Elektronik, Layanan Keuangan Berbasis Elektronik, Layanan Akuntabilitas Kinerja Instansi Pusat/Pemerintah Daerah Berbasis Elektronik Instansi Pusat/Pemerintah Daerah lain, dan/atau layanan SPBE Instansi Pusat/Pemerintah Daerah lain\r\n', '40', NULL, NULL),
	(200, 'Kriteria tingkat 4 telah terpenuhi dan Layanan Akuntabilitas Kinerja Instansi Pusat/Pemerintah Daerah Berbasis Elektronik telah dilakukan perbaikan berdasarkan hasil reviu dan evaluasi terhadap perubahan lingkungan, peraturan perundang-undangan, teknologi atau kebutuhan Instansi Pusat/Pemerintah Daerah.\r\n', '40', NULL, NULL),
	(201, 'Layanan Kinerja Pegawai Berbasis Elektronik hanya memberikan layanan informasi terkait kinerja pegawai.\r\n', '41', NULL, NULL),
	(202, 'Kriteria tingkat 1 telah terpenuhi dan Layanan Kinerja Pegawai Berbasis Elektronik memberikan layanan interaksi terkait kinerja pegawai seperti pencarian informasi, pengunggahan dan pengunduhan dokumen\r\n', '41', NULL, NULL),
	(203, 'Kriteria tingkat 2 telah terpenuhi dan Layanan Kinerja Pegawai Berbasis Elektronik memberikan layanan transaksi kepada pengguna terkait kinerja pegawai seperti otomasi alur kerja, transaksi basis data, validasi data, mekanisme persetujuan, dan analitik data.\r\n', '41', NULL, NULL),
	(204, 'Kriteria tingkat 3 telah terpenuhi dan Layanan Kinerja Pegawai Berbasis Elektronik memberikan layanan kolaborasi dengan layanan elektronik lain, misalnya Layanan Perencanaan Berbasis Elektronik, Layanan Akuntabilitas Berbasis Elektronik, Layanan Kinerja Pegawai Berbasis Elektronik Instansi Pusat/Pemerintah Daerah lain, dan/atau layanan SPBE Instansi Pusat/Pemerintah Daerah lain.\r\n', '41', NULL, NULL),
	(205, 'Kriteria tingkat 4 telah terpenuhi dan Layanan Kinerja Pegawai Berbasis Elektronik telah dilakukan perbaikan berdasarkan hasil review dan evaluasi terhadap perubahan lingkungan, peraturan perundang-undangan, teknologi atau kebutuhan Instansi Pusat/Pemerintah Daerah.\r\n', '41', NULL, NULL),
	(206, 'Layanan Pengaduan Pelayanan Publik Berbasis Elektronik hanya memberikan layanan informasi terkait pengaduan pelayanan publik.\r\n', '42', NULL, NULL),
	(207, 'Kriteria tingkat 1 telah terpenuhi dan Layanan Pengaduan Pelayanan Publik Berbasis Elektronik memberikan layanan interaksi terkait pengaduan pelayanan publik seperti pencarian informasi, pengunggahan dan pengunduhan dokumen.\r\n', '42', NULL, NULL),
	(208, 'Kriteria tingkat 2 telah terpenuhi dan Layanan Pengaduan Pelayanan Publik Berbasis Elektronik memberikan layanan transaksi kepada pengguna terkait pengaduan pelayanan publik seperti otomasi alur kerja, transaksi basis data, validasi data, mekanisme persetujuan, dan analitik data.\r\n', '42', NULL, NULL),
	(209, 'Kriteria tingkat 3 telah terpenuhi dan Layanan Pengaduan Pelayanan Publik Berbasis Elektronik memberikan layanan kolaborasi dengan layanan elektronik lain, misalnya Layanan Kepegawaian Berbasis Elektronik, Layanan Pengaduan Pelayanan Publik Berbasis Elektronik Instansi Pusat/Pemerintah Daerah lain, dan/atau layanan SPBE Instansi Pusat/Pemerintah Daerah lain\r\n', '42', NULL, NULL),
	(210, 'Kriteria tingkat 4 telah terpenuhi dan Layanan Pengaduan Pelayanan Publik Berbasis Elektronik telah dilakukan perbaikan berdasarkan hasil reviu dan evaluasi terhadap perubahan lingkungan, peraturan perundang-undangan, teknologi atau kebutuhan Instansi Pusat/Pemerintah Daerah.\r\n', '42', NULL, NULL),
	(211, 'Layanan Data Terbuka Berbasis Elektronik hanya memberikan layanan informasi terkait data terbuka.\r\n', '43', NULL, NULL),
	(212, 'Kriteria tingkat 1 telah terpenuhi dan Layanan Data Terbuka Berbasis Elektronik memberikan layanan interaksi terkait data terbuka seperti pencarian informasi, pengunggahan dan pengunduhan dokumen.\r\n', '43', NULL, NULL),
	(213, 'Kriteria tingkat 2 telah terpenuhi dan Layanan Data Terbuka Berbasis Elektronik memberikan layanan transaksi kepada pengguna terkait data terbuka seperti otomasi pertukaran data, otomasi alur kerja, transaksi basis data, validasi data, mekanisme persetujuan, dan analitik data.\r\n', '43', NULL, NULL),
	(214, 'Kriteria tingkat 3 telah terpenuhi dan Layanan Data Terbuka Berbasis Elektronik memberikan layanan kolaborasi dengan layanan elektronik lain, misalnya Layanan Data Terbuka Berbasis Elektronik Instansi Pusat/Pemerintah Daerah lain, dan/atau layanan SPBE Instansi Pusat/Pemerintah Daerah lain.\r\n', '43', NULL, NULL),
	(215, 'Kriteria tingkat 4 telah terpenuhi dan Layanan Data Terbuka Berbasis Elektronik telah dilakukan perbaikan berdasarkan hasil reviu dan evaluasi terhadap perubahan lingkungan, peraturan perundangundangan, teknologi atau kebutuhan Instansi Pusat/Pemerintah Daerah.\r\n', '43', NULL, NULL),
	(216, 'Layanan Jaringan Dokumentasi dan Informasi Hukum Berbasis Elektronik hanya memberikan layanan informasi terkait jaringan dokumentasi dan informasi hukum.', '44', NULL, NULL),
	(217, 'Kriteria tingkat 1 telah terpenuhi dan Layanan Jaringan Dokumentasi dan Informasi Hukum Berbasis Elektronik memberikan layanan interaksi terkait jaringan dokumentasi dan informasi hukum seperti pencarian informasi, pengunggahan dan pengunduhan dokumen.', '44', NULL, NULL),
	(218, 'Kriteria tingkat 2 telah terpenuhi dan Layanan Jaringan Dokumentasi dan Informasi Hukum Berbasis Elektronik memberikan layanan transaksi kepada pengguna terkait jaringan dokumentasi dan informasi hukum seperti otomasi alur kerja, transaksi basis data, validasi data, mekanisme persetujuan, dan analitik data.', '44', NULL, NULL),
	(219, 'Kriteria tingkat 2 telah terpenuhi dan Layanan Jaringan Dokumentasi dan Informasi Hukum Berbasis Elektronik memberikan layanan transaksi kepada pengguna terkait jaringan dokumentasi dan informasi hukum seperti otomasi alur kerja, transaksi basis data, validasi data, mekanisme persetujuan, dan analitik data.', '44', NULL, NULL),
	(220, 'Kriteria tingkat 4 telah terpenuhi dan Layanan Jaringan Dokumentasi dan Informasi Hukum Berbasis Elektronik telah dilakukan perbaikan berdasarkan hasil reviu dan evaluasi terhadap perubahan lingkungan, peraturan perundang-undangan, teknologi atau kebutuhan Instansi Pusat/Pemerintah Daerah.', '44', NULL, NULL),
	(221, 'Layanan Publik Sektoral Berbasis Elektronik hanya memberikan layanan informasi terkait Publik Sektoral kegiatan pemerintah.', '45', NULL, NULL),
	(222, 'Kriteria tingkat 1 telah terpenuhi dan Layanan Publik Sektoral Berbasis Elektronik memberikan layanan interaksi terkait Publik Sektoral kegiatan pemerintah seperti pencarian informasi, pengunggahan dan pengunduhan dokumen Layanan Publik Sektoral.', '45', NULL, NULL),
	(223, 'Kriteria tingkat 2 telah terpenuhi dan Layanan Publik Sektoral Berbasis Elektronik memberikan layanan transaksi kepada pengguna terkait Publik Sektoral kegiatan pemerintah seperti otomasi alur kerja, transaksi basis data, validasi data, mekanisme persetujuan, dan analitik data.', '45', NULL, NULL),
	(224, 'Kriteria tingkat 3 telah terpenuhi dan Layanan Publik Sektoral Berbasis Elektronik memberikan layanan kolaborasi dengan layanan elektronik lain, misalnya Layanan Publik Sektoral Berbasis Elektronik Instansi Pusat/Pemerintah Daerah lain, dan/atau layanan SPBE Instansi Pusat/Pemerintah Daerah lain.', '45', NULL, NULL),
	(225, 'Kriteria tingkat 4 telah terpenuhi dan Layanan Publik Sektoral Berbasis Elektronik telah dilakukan perbaikan berdasarkan hasil review dan evaluasi terhadap perubahan lingkungan, peraturan perundang-undangan, teknologi dan kebutuhan Instansi Pusat/Pemerintah Daerah.', '45', NULL, NULL),
	(226, 'Layanan Publik Sektoral Berbasis Elektronik hanya memberikan layanan informasi terkait Publik Sektoral kegiatan pemerintah', '46', NULL, NULL),
	(227, 'Kriteria tingkat 1 telah terpenuhi dan Layanan Publik Sektoral Berbasis Elektronik memberikan layanan interaksi terkait Publik Sektoral kegiatan pemerintah seperti pencarian informasi, pengunggahan dan pengunduhan dokumen Layanan Publik Sektoral', '46', NULL, NULL),
	(228, 'Kriteria tingkat 2 telah terpenuhi dan Layanan Publik Sektoral Berbasis Elektronik memberikan layanan transaksi kepada pengguna terkait Publik Sektoral kegiatan pemerintah seperti otomasi alur kerja, transaksi basis data, validasi data, mekanisme persetujuan, dan analitik data.', '46', NULL, NULL),
	(229, 'Kriteria tingkat 3 telah terpenuhi dan Layanan Publik Sektoral Berbasis Elektronik memberikan layanan kolaborasi dengan layanan elektronik lain, misalnya Layanan Publik Sektoral Berbasis Elektronik Instansi Pusat/Pemerintah Daerah lain, dan/atau layanan SPBE Instansi Pusat/Pemerintah Daerah lain', '46', NULL, NULL),
	(230, 'Kriteria tingkat 4 telah terpenuhi dan Layanan Publik Sektoral Berbasis Elektronik telah dilakukan perbaikan berdasarkan hasil reviu dan evaluasi terhadap perubahan lingkungan, peraturan perundang-undangan, teknologi dan kebutuhan Instansi Pusat/Pemerintah Daerah.', '46', NULL, NULL),
	(231, 'Layanan Publik Sektoral Berbasis Elektronik hanya memberikan layanan informasi terkait Publik Sektoral kegiatan pemerintah', '47', NULL, NULL),
	(232, 'Kriteria tingkat 1 telah terpenuhi dan Layanan Publik Sektoral Berbasis Elektronik memberikan layanan interaksi terkait Publik Sektoral kegiatan pemerintah seperti pencarian informasi, pengunggahan dan pengunduhan dokumen Layanan Publik Sektoral', '47', NULL, NULL),
	(233, 'Kriteria tingkat 2 telah terpenuhi dan Layanan Publik Sektoral Berbasis Elektronik memberikan layanan transaksi kepada pengguna terkait Publik Sektoral kegiatan pemerintah seperti otomasi alur kerja, transaksi basis data, validasi data, mekanisme persetujuan, dan analitik data', '47', NULL, NULL),
	(234, 'Kriteria tingkat 3 telah terpenuhi dan Layanan Publik Sektoral Berbasis Elektronik memberikan layanan kolaborasi dengan layanan elektronik lain, misalnya Layanan Publik Sektoral Berbasis Elektronik Instansi Pusat/Pemerintah Daerah lain, dan/atau layanan SPBE Instansi Pusat/Pemerintah Daerah lain.', '47', NULL, NULL),
	(235, 'Kriteria tingkat 4 telah terpenuhi dan Layanan Publik Sektoral Berbasis Elektronik telah dilakukan perbaikan berdasarkan hasil reviu dan evaluasi terhadap perubahan lingkungan, peraturan perundang-undangan, teknologi dan kebutuhan Instansi Pusat/Pemerintah Daerah.', '47', NULL, NULL);

-- Dumping data for table spbe.personal_access_tokens: ~0 rows (approximately)
DELETE FROM `personal_access_tokens`;

-- Dumping data for table spbe.tasks: ~1 rows (approximately)
DELETE FROM `tasks`;
INSERT INTO `tasks` (`id`, `name`, `tahap`, `batas`, `tahun`, `status`, `desc`, `created_at`, `updated_at`) VALUES
	(1, 'testing', 'penilaian mandiri', '2024-04-30', '2024', 'pemantauan', 'testing', NULL, NULL);

-- Dumping data for table spbe.users: ~13 rows (approximately)
DELETE FROM `users`;
INSERT INTO `users` (`id`, `username`, `password`, `level`, `nama_instansi`, `remember_token`, `created_at`, `updated_at`, `pass_view`) VALUES
	(1, 'Admin', '$2y$12$gu1Pjp5W7GBW2bb7M3zE7eXby9zJ0tTfIBCcreTZhPcTPpzQu4ZrK', 'admin', 'Admin', 'Rb2Dt464TT70Ktbg6JkdnmcdvizVH8bLQH5X6UN71VusM8dcUvYIvg2CmcH0', '2024-05-17 00:48:08', '2024-05-19 20:12:30', 'admin2'),
	(2, 'user1', '$2y$12$rCGzlEN4CK3oyv/RP2XR/esD9FHxShZzJKB/VWVMhNpvr0WHTPAz.', 'user', 'Inspektorat', 'Mh3FiyRWVlzueGsd', '2024-05-17 00:48:08', '2024-05-19 20:13:07', 'user1'),
	(3, 'user2', '$2y$12$qg5m3GJ5QUPNT/rlY9PCtuuci2IpytA6xWo41Xt6SkEr52WK26ozu', 'user', 'Badan Perencanaan dan Pembangunan, Riset dan Inovasi Daerah', 'CgDq80T8ASKj0XK2', '2024-05-17 00:48:09', '2024-05-17 00:48:09', 'user'),
	(4, 'user3', '$2y$12$oSC/qxXt6jpPkIo4bqXfqORg0wBXCdunLLSgrs8NnxOSFKlbuS5z2', 'user', 'Badan Pengelolaan Keuangan dan Aset Daerah', 'HeT4A4SS9RsYTpCv', '2024-05-17 00:48:09', '2024-05-17 00:48:09', 'user'),
	(5, 'user4', '$2y$12$x87n5QNSVWyw1Zq4JKm39eVioqQO212GPwrAwMNC2IAnXt.eFuZIC', 'user', 'Badan Kepegawaian dan Pengembangan Sumber Daya Manusia', 'tH1kKe8d9D2xP5Px', '2024-05-17 00:48:09', '2024-05-17 00:48:09', 'user'),
	(6, 'user5', '$2y$12$aTk6FZCQTWo6/KuWzrUiWuIPfivSSOt4S9XzxRVkFQ9qNoB4Ropw.', 'user', 'Dinas Komunikasi dan Informatika', 'a2HT8D34lb1vsBIv', '2024-05-17 00:48:10', '2024-05-17 00:48:10', 'user'),
	(7, 'user6', '$2y$12$4VNZhxnGOKWV/QRmstU4JO0SQTnWEIf35gN9Etb4opJfRfbUsRszS', 'user', 'Dinas Kesehatan', '8KOdhnsQc46BUE3K', '2024-05-17 00:48:10', '2024-05-17 00:48:10', 'user'),
	(8, 'user7', '$2y$12$0tqT5khxAHa61b5e6e38ruCmc.Q14OVvPaQWbq22UbceiXHSgWZw6', 'user', 'Dinas Pengendalian Penduduk, KB dan PPPA', 'PQloRE2Xkjd1aZ12', '2024-05-17 00:48:11', '2024-05-17 00:48:11', 'user'),
	(9, 'user8', '$2y$12$mj1g2JFnopK9JuYJ0D5b6O3Qe4TNS0dEVD6AN/596oo2WtHtM0smq', 'user', 'Dinas Perpustakaan dan Kearsipan', 'qlFfJeXPIGMNVoWB', '2024-05-17 00:48:11', '2024-05-17 00:48:11', 'user'),
	(10, 'user9', '$2y$12$CMU.MnL.AV1aaTa4rVJZeOctBIMihUOIL.wCDK08TMbjX1Jz9U/Ye', 'user', 'Rumah Sakit Umum Daerah', '99RWLoPcIH9j4Xkn', '2024-05-17 00:48:11', '2024-05-17 00:48:11', 'user'),
	(11, 'user10', '$2y$12$vIcQavX0EUhCxtRK4hKkJuoBcoNnkpOzbiRNinZpnGDyqiXFNgtES', 'user', 'Bagian Organisasi Sekretariat Daerah', 'iPQIRYpQ7XLxNXVO', '2024-05-17 00:48:11', '2024-05-17 00:48:11', 'user'),
	(12, 'user11', '$2y$12$9qyNcDBlBlv26Z/wc0AqC.vI.DysCAP/nQ2a.EoCltt.JI78MQixC', 'user', 'Bagian Hukum Sekretariat Daerah', '6rogojNlRSiTRCUE', '2024-05-17 00:48:12', '2024-05-17 00:48:12', 'user'),
	(26, 'user12', '$2y$12$D6Dw7LbbEzBxkdJt2lljT.MYbxUSFvnLl57mOE.zYYJdJFoqMsSFG', 'user', 'Bagian Pengadaan Barang dan Jasa Sekretariat Daerah', '9bOZQMPtUePPt4uk', '2024-05-17 00:48:12', '2024-05-17 00:48:12', 'user');

/*!40103 SET TIME_ZONE=IFNULL(@OLD_TIME_ZONE, 'system') */;
/*!40101 SET SQL_MODE=IFNULL(@OLD_SQL_MODE, '') */;
/*!40014 SET FOREIGN_KEY_CHECKS=IFNULL(@OLD_FOREIGN_KEY_CHECKS, 1) */;
/*!40101 SET CHARACTER_SET_CLIENT=@OLD_CHARACTER_SET_CLIENT */;
/*!40111 SET SQL_NOTES=IFNULL(@OLD_SQL_NOTES, 1) */;
